26PabloPicassoTheAbsintheDrinker1901.jpg,Pablo Picasso The Absinthe Drinker (26 1901)
TheodoreGericaultPortraitofaKleptomaniac1822.jpg,Theodore Gericault Portrait of a Kleptomaniac (1822)
TheodoreGericaultAWomanAddictedtoGambling1822oiloncanvas.jpg,Theodore Gericault A Woman Addicted to Gambling (1822)
TheodoreGericaultPortaitofaWomanSufferingfromObsessiveEnvyTheHyena1822.jpg,Theodore Gericault Portait of a Woman Suffering from Obsessive Envy The Hyena (1822)
29SantiagoRusinolMorphine1894.jpg,Santiago Rusinol Morphine (29 1894)
StredovekMiniaturefighterwithaswordandcrutch.jpg,Stredovek Miniature fighter with a sword and crutch
64520891tamerlane624jpglegandhanddisabilityfrominjuries.jpg,tamerlane leg and hand disability from injuries
15PieterBruegeltheElderTheBeggars1568.jpg,Pieter Bruegelthe Elder The Beggars (15 1568)
dermatomyositisexperimentwithabirdJosephWrightofDeby1768.jpg,Joseph Wright of Deby (1768)
TheHolyGrailiscarriedtoSarrasJerusalamLaQuestedelSaintGraalFrance1316Notelamemancured.jpg,The Holy Grail is carried to Sarras Jerusalam La Queste del Saint Graal France (1316)
7GeorgeGroszGrayDayStateFunctionaryfortheWarWounded1921Berlin.jpg,George Grosz Gray Day State Functionary for the War Wounded Berlin (7 1921)
16HieronymusBoschTheProcessionofCripples1903.jpg,Hieronymus Bosch The Procession of Cripples (16 1903)
SirCharlesBellVoultzKingsGermanLegion1836fromoriginalsketchmadeJuly11815.jpg,Sir Charles Bell Voultz Kings German Legion (1836)
FranciscoGoyaBeggarsWhoGetaboutonTheirOwninBordeaux18247.jpg,Francisco Goya Beggars Who Get about on Their Own in Bordeaux (18247)
CopyofPeterPaulRubens17thcenturyallegoricalaltarpieceTheMiraclesofSaintFrancisXavierHealinVictimsofthePlague.jpg,Peter Paul Rubens The Miracles of Saint Francis Xavier Healing Victims of the Plague (17)
Royal13BVIIIfol30vAcrippledman680x662.jpg,Royal B V I I Ifolio A crippled man (13 30 680 662)
CopyofRembrandtvanRijnPeterandJohnHealingtheCrippleattheGateoftheTemple1659needtofindsource.jpg,Rembrandt van Rijn Peter and John Healing the Cripple at the Gate of the Temple (1659)
CopyofLuttrellPsalter1325ManwithCrutches.jpg,Luttrell Psalter Man with Crutches (1325)
BarbersintheTombofUserhatAmenhotepII14381312BC.jpg,Barbers in the Tomb of Userhat Amenhotep I I B C (14381312)
APharmacyc1700FrenchWellcomeLibraryLondon545x1024.jpg,A Pharmacy French Wellcome Library London (1700 545 1024)
ImaginarydebatebetweenAverroesandPorphyry14thcenturyMonfredodeMonteImperialiLiberdeherbis.jfif,Imaginary debate between Averroes and Porphyry Monfredode Monte Imperiali Liberdeherbis (14)
MatthijsNaiveuAFemalePatientSeatedWhilstOnePhysicianTakesherPulseandaSurgeonBleedsherFoot1700.jpg,Matthijs Naiveu A Female Patient Seated Whilst One Physician Takesher Pulse and a Surgeon Bleeds her Foot (1700)
ArtistUnknownBloodlettingPointsandMoxaPointsontheHumanBody.jpg,Bloodletting Points and Moxa Points on the Human Body
AchillesBandagingPatrocluscupSosiasPainterPhotographbyMariaDanielscourtesyoftheStaatlicheMuseenzuBerlin.jpg,Achilles Bandaging Patroclus cup Sosias Painter Photograph by Maria Daniels courtesy of the Staatliche Museenzu Berlin
19thcenturymedicalsyringesPharmacyMuseumNewOrleans.jpg,Pharmacy New Orleans (19 Museum)
AlexandreMarieColinLithographybyLanglumePublishedbyAmbroiseTardieuLaMigraineVaporsAlbumcomiquedepathologiepittoresque1823.jpg,Alexandre Marie Colin Lithography by Langlume Published by Ambroise Tardieu La Migraine Vapors Album comique de pathologie pittoresque (1823)
ArtistUnknownChineseAcupunctureCharts18thcentury1.jpeg,Artist Unknown Chinese Acupuncture Charts (18 1)
38VinventvanGoghWardofArlesHospital1889Hospitalpg158.jpg,Vinvent van Gogh Ward of Arles Hospital Hospital (38 1889 158)
37AlessandroMagnascoTheEntrancetoaHospital17039Hospitalpg157.jpg,Alessandro Magnasco The Entrance to a Hospital Hospital (37 17039 157)
6masacciosaintpeterhealingthesickwithhisshadow142526.jpg,Masaccio saint peter healing the sick with his shadow
AnExtractofPlantandAnimalMateriaMedicaartistunknownfromSmanblaidgongsrgyanrgudbzhiinanggikhrungsdperezhig18thcentury.jpg,An Extract of Plant and Animal Materia Medica artist unknown from Smanblaidgongsrgyanrgudbzhiinanggikhrungsdperezhig (18)
WorrellMakerofStrongMedicineContemporary.jpg,Worrell Maker of Strong Medicine Contemporary
GerritLundensASurgeonApplyingMedicinetoaWoundintheShoulderofaManinPain1649.jpg,Gerrit Lundens A Surgeon Applying Medicine to a Wound in the Shoulder of a Man in Pain (1649)
AncientEgyptianMedicineEgypt.jpg,Ancient Egyptian Medicine Egypt
ArabischerMalerdesKrauterbuchsdesDioskurides004jpgFoliofromanArabicmanuscriptofDioscoridesDemateriamedica1229.jpg,Arabischer Malerdes Krauterbuchsdes Dioskurides Foliofroman Arabicmanuscriptof Dioscorides Demateriamedica (004 1229)
AngelicaartistunknownfromKruidBoekgetrokkenuytDodeneaus19thcentury.jpg,Angelica artist unknown from Kruid Boekgetrokkenuyt Dodeneaus (19)
A19thcenturybusinesscardforacompanythatprovidedcuppingandleechingservicesinPittsburghPennsylvania.jpg,A Pittsburgh Pennsylvania (19)
QuinidineCrystalsSpikeWalker2006artofmedbook.jpg,Quinidine Crystals Spike Walker (2006)
5BacciodelBiancoHumorousAllegoryofMedicine1623.jpg,Baccio del Bianco Humorous Allegory of Medicine (5 1623)
ArtistUnknownMalayanBlackMagicilmuSihir19thcentury.jpg,Artist Unknown Malayan Black Magicilmu Sihir (19)
33SirLawrenceAlmaTademaTheNurse1872Nursingpg147.jpg,Sir Lawrence Alma Tadema The Nurse Nursing (33 1872 147)
31SantiBuglioniSevenWorksofMercydetail1525Charitypg141.jpg,Santi Buglioni Seven Worksof Mercy detail Charity (31 1525 141)
43ErnestBoardAlbucasisBlisteringaPatientintheHospitalatCordovalate19thearly20thcenturyMedicalSchoolpg191.jpg,Ernest Board Albucas is Blistering a Patient in the Hospital at Cordovalate Medical School (43 19 20 191)
JacobToorenvlitASurgeonBindingupaWomansArmafterBloodletting1666.jpg,Jacob Toorenvlit A Surgeon Binding up a Woman's Arm after Bloodletting (1666)
AryballoswithBloodlettingSceneLouvrevaseearlyClassicalca480bc.jpg,Aryballos with Bloodletting Scene Louvre vase early Classical (480)
KeirCollectionBaghdadSholarsdiscussmedicinalcure.jpeg,Keir Baghdad Sholars discuss medicinal cure (Collection)
41GustavKlimtMedicine1907Medicinepg175.jpg,Gustav Klimt Medicine Medicine (41 1907 175)
AchillesBandagingPatroklos.gif,Achilles Bandaging Patroklos
ZhouPeiQunAPatientReceivingManipulatingTreatmentforaPainintheShoulder1890.jpg,Zhou Pei Qun A Patient Receiving Manipulating Treatment for a Pain in the Shoulder (1890)
PunchHealthDoctorsCartoons1911.jpg,Punch Health Doctors Cartoons (1911)
LouisLeopoldBoileyAVaccinatorVaccinatingaYoungChild18071.jpg,Louis Leopold Boiley A Vaccinator Vaccinating a Young Child (18071)
44RobertHannahWilliamHarveyDemonstratingtoCharlesIHisTheoryoftheCirculationoftheBlood1848ExperimentalMethodpg193.jpg,Robert Hannah William Harvey Demonstrating to Charles I His Theory of the Circulation of the Blood Experimental Method (44 1848 193)
LeishmaniasisSurvivorEffigyVesselPeruSouthAmericaMocheDATE1650CE.jpeg,Leishmaniasis Survivor Effigy Vessel Peru South America Moche (1650)
FridaKahloTheBrokenColumn1944.jpg,Frida Kahlo The Broken Column (1944)
AspirinCrystalsAnnieCavanaghandDavidMcCarthy2006artofmedbook.jpg,Aspirin Crystals Annie Cavanaghand David Mc Carthy (2006)
SodaFountainElixirAntiquesodafountainusedtodispenseelixirs.jpg,Soda Fountain Elixir Antique soda fountain used to dispense elixirs
OneoftheoldestexistingcopiesofTheCanonofMedicinebyAvicennac1030.jpg,One of the oldest existing copies of The Canon of Medicine by Avicenna (1030)
PaultheHermitfromtheIsenheimAltarpiecebyMathiasGrunewald.jpeg,Paulthe Hermit from the Isenheim Altarpiece by Mathias Grunewald
MosquitoNetsSargent.jpg,Mosquito Nets Sargent
InscribedpestleandmortarforgrindingdrugsKhrusanlate12thorearly13thcentury.jpg,Inscribed pestle and mortar for grinding drugs Khrusanlate (12 13)
34JerryBarrettFlorenceNightingaleRecivingtheWoundedatScrutarica1856Nursingpg14849.jpg,Jerry Barrett Florence Nightingale Reciving the Wounded at Scrutarica Nursing (34 1856 14849)
GerritDouTheDropsicalWoman.jpg,Gerrit Dou The Dropsical Woman
ErnestBoardDioscoridesdescribingthemandrake1909.jpg,Ernest Board Dioscorides describing the mandrake (1909)
DictionaryGlossofPhrenologywithaccompanyingillustrations1900.jpg,Dictionary Glossary of Phrenology with accompanying illustrations (1900)
PaulRegnardAttaqueHysteroEpileptiqueArcDeCercle1880CourtesyoftheHarveyCushingJohnHayWhitneyMedicalLibrary.jpg,Paul Regnard Attaque Hystero Epileptique Arc De Cercle Courtesy of the Harvey Cushing John Hay Whitney Medical Library (1880)
WilliamHogarthTheMadhousefromTheRakesProgress1735.jpg,William Hogarth The Madhousefrom The Rakes Progress (1735)
HubertAiryDepictionofScotomasTransientHomiopsiaRoyalSocietyofLondon1870.jpg,Hubert Airy Depiction of Scotomas Transient Homiopsia Royal Societyof London (1870)
PieterJanszQuastAnItinerantSurgeonExtractingStonesfromaMansHeadbefore1647.jpg,Pieter Jansz Quast An Itinerant Surgeon Extracting Stones from a Man's Head (1647)
ArtistUnknwonPhrenologicalHeadsfromElementsofPhrenologybyGeorgeCombe1824.jpg,Artist Unknwon Phrenological Heads from Elements of Phrenology by George Combe (1824)
JeanJacquesGrandvilleSanstitreNotitleHFaumierandCie19thcentury.jpg,Jean Jacques Grandville Sanstitre Faumier and Cie (19)
DepictionofscotomasHubertAiryOnadistinctformofTransientHemiopsiaRoyalSocietyofLondon1870.jpg,Depiction of scotomas Hubert Airy On a distinct form of Transient Hemiopsia Royal Societyof London (1870)
HomomonstrosusorPatagoniangiantsfromVoyageaupolesudetdanslOceanie.jpg,Homomonstrosusor Patagonian giants from Voyage au poles udet dans l'Oceanie
SamuelGeorgeMortonDifferencesSkulls1839.png,Samuel George Morton Differences Skulls (1839)
AliceinWonderlandSymdrome.jpg,Alice in Wonderland Syndrome
JanSandersvanHemessenTheSurgeonExtractingtheStoneofMadness1550.jpg,Jan Sandersvan Hemessen The Surgeon Extracting the Stone of Madness (1550)
MichelangeloCreationofAdamSistineChapel15081512HumanBrain.jpg,Michelangelo Creation of Adam Sistine Chapel Human Brain (15081512)
stroke6.png,stroke
GinsleASurgeoninhisWorkroomExtractingStonesfromaMansHead1806.jpg,Ginsle A Surgeon in his Workroom Extracting Stones from a Mans Head (1806)
PaulMarieLouisPierreRicherStatuetteofanoldwomanwithParkinsonsdisease1895MeisterDrucke.jpg,Paul Marie Louis Pierre Richer Statuette of an old woman with Parkinsons disease Meister Drucke (1895)
AndyPittsZombiePhrenologyparodyingtheoutdatedscienceofphrenology.jpg,Andy Pitts Zombie Phrenology parodying the outdated science of phrenology
LifeofStCuthbertBookHealschildandblindmanDurham1200.jpg,Lifeof St Cuthbert Book Healschildandblindman Durham (1200)
AlexandreMarieColinLithographybyLanglumePublishedbyAmbroiseTardieuVaporsAlbumcomiquedepathologiepittoresquecollectionoftwentymedicalconditions1823.jpg,Alexandre Marie Colin Lithography by Langlume Published by Ambroise Tardieu Vapors Album comique de pathologie pittoresque collection of twenty medical conditions (1823)
PhrenologyDiagraminthePeoplesCyclopediaofUniversalKnowledge1883ImagefromWikimediaCommons.jpg,Phrenology Diagram in the Peoples Cyclopedia of Universal Knowledge Image from Wikimedia Commons (1883)
IllustrationfromTypesofMankind1854whoseauthorsJosiahClarkNottandGeorgeRobinsGliddon.jpg,Illustration from Types of Mankind Josiah Clark Nottand George Robins Gliddon (1854)
AndrewWyethChristinasWorld1948oiloncanvasMuseumofModernArtTemperaUnknownconditioninabilitytowalkpossiblyCharcotMarieToothDisease.jpg,Andrew Wyeth Christinas World Museum of Modern Art Tempera Charcot Marie Tooth Disease (1948)
BRBIIISLASFacultySeminarUntilDarwin.jpg,Faculty Seminar Until Darwin
WilliamUtermohlenHead2000Dementia1.jpg,William Utermohlen Head Dementia (2000 1)
AncientEgyptianMedicineEgypt.jpg,Ancient Egyptian Medicine Egypt
WilliamUtermohlenHead2000Dementia.jpg,William Utermohlen Head Dementia (2000)
MichelangeloCreationofAdamSistineChapel15081512jpg.jpg,Michelangelo Creation of Adam Sistine Chapel (15081512)
MichaelangeloSeparationofLightfromDarknessSistineChapel15091512TheHumanBrain.png,Michaelangelo Separation of Light from Darkness Sistine Chapel The Human Brain (15091512)
Copyof5Varieties.jpg,Copy of Varieties (5)
LeonardodiVinciMonaLisa15031519neurofakesmile.jpg,Leonardo da Vinci Mona Lisa (15031519)
GeorgeBernardMedievalArtofaHeartAttackorStrokeVictim.jpg,George Bernard Medieval Art of a Heart Attack or Stroke Victim
9Figure41.png,Figure (9 41)
AlexandreMarieColinLithographybyLanglumePublishedbyAmbroiseTardieuLaMigraineVaporsAlbumcomiquedepathologiepittoresque1823jpg.jpg,Alexandre Marie Colin Lithographyby Langlume Publishedby Ambroise Tardieu La Migraine Vapors Albumcomiquedepathologiepittoresque (1823)
MichelangeloCreationofAdamSistineChapel15081512outlineofhumanbrain.jpg,Michelangelo Creation of Adam Sistine Chapel (15081512)
SantaIsabeldeHungriacurandotinososjpgTineacapitis.jpg,Santa Isabel de Hungria curando tinosos Tineacapitis
EdvardMunchSelfPortraitwiththeSpanishFlu.jpg,Edvard Munch Self Portrait with the Spanish Flu
arnoldbocklinThePlague.jpg,The Plague by Arnold Bocklin
salvatorrosathefrailtyofhumanlife1656plagueart.jpg,salvator rosa the frailty of human life 1656
CarelessofCholeraTheNewOrleansOutbreakof1848.jpg,Careless of Cholera The New Orleans Outbreak of 1848
IsenheimAltarpieceGrunwaldChristDetail.jpg,Isenheim Altarpiece Grunwald Christ Detail
Copyofdalton1857diseasedtissuefemalegenitalia.jpg,dalton 1857 diseased tissue female genitalia
19thcenturymedicalillustration.jpg,19th century medical illustration
TBinHarlemAliceNeel1940.jpg,T Bin Harlem Alice Neel (1940)
MarseilleOutbreakofPandemic1720.png,Marseille Outbreak of Pandemic (1720)
CopyofMedievalEnglandtheleprechauntheblindthedumbthedeafthenaturalfoolthecripplethelameandthelunaticwereahighlyvisiblepresenceineverydaylifewillinworkscited.jpg,Medieval England the leprechaun the blind the dumb the deaf then atural fool the cripple the lame and thelunatic were a highly visible presence in everyday life
BacMeningitis.jpg,Bac Meningitis
opisthotonoshiresversiongiftetnus.gif,opisthotono shires version tetanus
YellowFever1793.jpg,Yellow Fever (1793)
OmSep2018Fig78768x468.jpg,Om Sep Fig (2018 78768 468)
1919Munchselfportraitwithspanishflu.jpg,Munch self portrait with spanish flu (1919)
OmSep2018Fig14731x1024.jpg,Om Sep Fig (2018 14731 1024)
BrozinoAllergoryofVenus.jpg,Brozino Allergory of Venus
PestbuchamedicaltreatiseontheplagueandhowtotreatitaplaguevictimshowsthreephysiciansthebuboinhisarmpitItwascreatedaround1500byasurgeonnamedHieronymusBrunschwiginworkscited.jpg,Pestbucha medical treatise on the plague and how to treat it a plague victim shows three physicians the bubo in his armpit It was created around Hieronymus Brunschwig (1500)
14thcenturyencyclopediacalledtheOmneBonumshowsapriestgivinginstructionstopeoplewithleprosy.jpg,Omne Bonum shows a priest giving instructions to people with leprosy (14)
schielethefamilyspanishflu.jpg,schiele the family spanish flu
CopyofJamesGilrayPunchCurestheGouttheColicandtheTisick1799.jpg,James Gilray Punch Cures the Gout the Colic and the Tisick (1799)
Cholera.jpg,Cholera
19AntonioGiarolaVeronaSuppliantattheFeetoftheTrinity1630Plaguepg110.jpg,Antonio Giarola Verona Supplicant at the Feet of the Trinity Plague
20GaetanoGiulioZumboThePlague17thCenturyPlaguepg112.jpeg,Gaetano Giulio Zumbo The Plague Century Plague
CopyofCopyofCopyofCopyofWoodblockprintfromGermanyinthelate15thcenturyismeanttoshowdoctorshowtolanceabuboinworkscited.jpg,Wood block print from Germany in the late 15th century
oedipusandantigoneortheplagueofthebescharlesfrancoisjalabert.jpg,oedipus and antigone or the plague of thebes charles francois jalabert
JamesGilrayTheCowPockortheWonderfulEffectsoftheNewInoculation1802.jpg,James Gilray The Cow Pock or the Wonderful Effects of the New Inoculation (1802)
IsenheimAltarpiecegrunwaldchristdetail2.jpg,Isenheim Altarpiecegrunwald christ detail (2)
EgyptianstelethoughttorepresentapoliovictimRumathePriestatthesanctuaryofAstarteinMemphis18thDynasty14031365BC.jpg,Egyptian stele thought to represent a polio victim Ruma the Priest at the sanctuary of Astarte in Memphis Dynasty B C (18 14031365)
Strep.jpg,Strep
AlonReiningerAmericanbornTelAvivIsraelb1947.jpg,Alon Reininger American born Tel Aviv Israel(1947)
1340ADPlagueBurningofJewsAccusedofCausingOutbreak.jpg,A D Plague Burning of Jews Accused of Causing Outbreak (1340)
ArtblogEdwardMunchSelfPortraitwithSpanishFlu800x656jpg1919.jpg,Edward Munch Self Portrait with Spanish Flu (800 656 1919)
16VincventdeBeauvaisTheLepermid14thcenturyLeprosypg102.jpeg,Vincent de Beauvais The Lepermid Leprosy (16 14 102)
breughelTheTriumphofDeathplaguepaintings.jpg,The Triumph of Death plague paintings
JOHNSINGERSARGENTINTERIOROFAHOSPITALTENTWATERCOLORONPAPER1918.jpg,JOHN SINGER SARGENT INTERIOR OF A HOSPITAL TENT WATERCOLOR ON PAPER 1918
UnknownArtistDracunculiasisGuineaWormDiseaseinworkscited.jpg,Dracunculiasis Guinea Worm Disease
DortheaLangeChildofMigrantFamilySufferingfromTuberculosisoftheBoneCalifornia.jpg,Dorthea Lange Child of Migrant Family Suffering from Tuberculosis of the Bone California
17MatthiasGrunewaldTheTemptationofSaintAnthonyLeprosypg105.jpg,Matthias Grunewald The Temptation of Saint Anthony Leprosy
18TintorettoSaintRochHealingPlagueVictims1549Plaguepg108.jpg,Tintoretto Saint Roch Healing Plague Victims Plague (18 1549 108)
ArrtblogEgonSchieleKauerndesMenschenpaarTheFamily800x756jpg1918spanishflu.jpg,Egon Schiele Kauerndes Menschenpaar The Family (800 756 1918)
15thcenturyBibledepictionofacouplesufferingfromtheblistersofbubonicplague.jpg,Bible depiction of a couple suffering from the blisters of bubonic plague (15)
josseLieferinxeplaguepainting.jpg,josse Lieferinxe plague painting
WilliamCheseldengivingananatomicaldemonstrationattheanatomytheatreoftheBarberSurgeonsCompanyc17301740.jpg,William Cheselden giving an anatomical demonstration at the anatomy theatre of the Barber Surgeons Company (17301740)
800pxTheBlueBerylAnatomyVulnerablePoints.jpg,The Blue Beryl Anatomy Vulnerable Points (800)
LauraFergusonrecliningfiguresIllustrationfromtheartistsvisibleskeletonseriesUsedwithpermissionoftheartistcontemporary.jpg,Laura Ferguson reclining figures Illustration from the artists visible skeleton series
CopyofJapaneseManuscript4pngPagefromJapaneseflapanatomyshowingtheanatomyofabluedemonatrightwithseveralorgansexposed.png,Japanese Manuscript Page from Japanese flap anatomy showing the anatomy of a blue demon at right with several organs exposed (4)
FacialmusclesJacquesFabienGautierdAgoty.jpg,Facialbmuscles Jacques Fabien Gautier d'Agoty
FasciaisthegreatignoredorganofthehumanbodyFasciaisagossamerthinyetstrongandimperviousconnectivetissuethatwrapseverymuscleboneandorgan.jpg,Fascia is the great ignored organ of the human body
800pxTheAyurvedicManc18thcenturyWellcomeL0017592.jpg,The Ayurvedic Man Wellcome (800 18 0017592)
JacopoBerengariodaCarpi1535woodcut.jpg,Jacopo Berengarioda Carpi woodcut (1535)
ElhombrecomopalacioindustrialManasaPalaceofIndustryFritzKahn188819681930artofmedbook.jpg,El hombre como palacio industrial Man as a Palace of Industry Fritz Kahn (188819681930)
701pxAnathomia51vMusclemaninredandblackfrontviewWellcomeL0045191.jpg,Anathomia Muscle man in red and black front view Wellcome (701 51 0045191)
AnanatomistmakinganincisionfromtheneckthroughtheupperribsofaskeletalcadaverHestandsbehindthecadaver.jpg,An anatomist making an incision from the neck through the upper ribs of a skeletal cadaver He stands behind the cadaver
AfemaleflapanatomyfugitivesheetwithlayeredflapsliftedtorevealtheanatomyofthethoraxandabdomenPhotographofanengraving1683.jpg,"A female flap anatomy fugitive sheet with layered flaps lifted to reveal the anatomy of the thorax and abdomen, engraving (1683)"
800pxAnatomiadelcorpohumano.jpg,Anatomia del corpo humano (800)
twinsinthewomb.jpg,twins in thewomb
perettedissection1904.jpg,perette dissection 1904
A027SeatedMale786x1024jpgmichelangelo.jpg,A Seated Male (027 786 1024)
BartholomewFig2Prato.jpg,Bartholomew Prato (2)
HobbesonOpticNerveAdrawingoftheconnectionoftheeyeandthebrainpartofThomasHobbesstreatiseonoptics1646LondonBritishLibrary.jpg,Hobbes on Optic Nerve A drawing of the connection of the eye and the brain part of Thomas Hobbes's treatise on optics London British Library (1646)
artofmedicine5jpgDay711TheDailyStreamofConsciousnessBobbyBaker2008.jpg,Day The Daily Streamof Consciousness Bobby Baker (5 711 2008)
leonardoanatomist2.jpg,leonardo anatomist
gautierdagotymedinart17452.jpg,gautier d'agoty
WhattheOldMastersknewaboutAnatomyLeonardohumananatomy.jpg,What the Old Masters knew about Anatomy Leonardo human anatomy
anatomicalfigureshowingtheQichannels18001920artandmed26.jpg,Qi channels (18001920 26)
45MichielandPietervanMiereveltAnatomyLessonofDrWillemvanderMeer1617Anatomypg194.jpg,Michiel and Pieter van Mierevelt Anatomy Lesson of Dr Willem van der Meer Anatomy (45 1617 194)
1280pxOMestre1914CarlosBonvalot.png,O Mestre Carlos Bonvalot (1280 1914)
LauraFergusongoldblackskeleton2ImagefromtheartistsdrawingfrommedicalimagesseriesUsedwithpermissionoftheartist.jpg,Laura Fergus on gold black skeleton
800pxWoodcutofanatomicaldissectionWellcomeM0011499.jpg,Woodcut of anatomical dissection Wellcome M (800 0011499)
leonardoanatomist1.jpg,leonardo anatomist
Cruelty4JPGhogarth1751.JPG,Cruelty Hogarth (4 1751)
BartholomewFig9Hirst.jpg,Bartholomew Hirst (9)
ArtistUnknownWoundManfromtheArzneibuch1675.jpg,Wound Man from the Arzneibuch (1675)
BartholomewFig3Giovanni.jpg,Bartholomew Giovanni (3)
AnatomicalMaleFigureShowingHeartLungsandMainArteriesjpgdavinci.jpg,Anatomical Male Figure Showing Heart Lungs and Main Arteries da vinci
IllustrationbyAndreasVesaliusVesaliusDeHumaniCorporisFabricaLibriSeptemBaselJohannesOporinus1555.jpg,Andreas Vesalius De Humani Corporis Fabrica Libri Septem Basel Johannes Oporinus (1555)
JapaneseManuscript2pngDetailoftheflapsoftheanteriorviewpulledbacktorevealtheskeleton.png,Japanese Manuscript Detail of the flaps of the anterior view pulled back to reveal the skeleton (2)
WhattheOldMastersknewaboutAnatomyMichelangelo980x1321.jpg,What the Old Masters knew about Anatomy Michelangelo (980 1321)
111318105ArtHistoryMedicineIndiaAnatomyjpgZodiacmanartandmedbook1.jpg,Art History Medicine India Anatomy Zodiac man
gettyimages11480201052048x2048jpgOrganManwitharteriesstomachSkeletonNervesOrganManartandmed.jpg,Organ Man with arteries stomach Skeleton Nerves Organ Man
Anannotatedfemaleacupuncturemodelwithpressurepointholesalloverthebodycharactersforeachpointwritteninblack.jpg,An annotated female acupuncture model with pressure point holes all over the body
TwodissectedmenwithaseparatesectionofvisceraJacquesFabienGautierDAgoty17171785WellcomeLibraryLondon.jpg,Two dissected men with a separate section of viscera Jacques Fabien Gautier D'Agoty Wellcome Library London (1717 1785)
Armillustrationfromanatomiedugladiateu.jpg,Arm illustration from anatomie du gladiateur
674pxIvoryanatomicalfigureJapan18001920WellcomeL0058716.jpg,Ivory anatomical figure Japan Wellcome library (674 18001920 0058716)
WhattheOldMastersknewaboutAnatomyLeonardoanatomy980x824.jpg,What the Old Masters knew about Anatomy Leonardo anatomy (980 824)
AnatomiaperusodeglistudiosidesculturaepitturaOperapostuma1816.jpg,Anatomia peruso degli studiosi de scultura e pittura Opera postuma (1816)
800pxThemedicineofAkbar03jpgAkbarMuqimArzani1722.jpg,The medicine of Akbar Akbar Muqim Arzani (800 03 1722)
BartholomewFig1jpgArtandAnatomyofStBartholomew.jpg,Bartholomew Anatomy of St Bartholomew (1)
DrDeijmansAnatomyLessonfragmentbyRembrandtjpg1656.jpg,Dr Deijmans Anatomy Lesson fragment by Rembrandt (1656)
JapaneseManuscript1pngTheopeningsetofflapsdetailingtheanteriorandposteriorviewsofamalefigur.png,Japanese Manuscript The opening set of flaps detailing the anterior and posterior views of a male figure (1)
LeonardodaVincitheanatomist.jpg,Leonardo da Vinci the anatomist
BartholomewFig9GuntherVonHagens.jpg,Bartholomew Gunther Von Hagens (9)
persiananatomy.jpg,persian anatomy
JacopoBerengariodaCarpi.jpg,Jacopo Berengarioda Carpi
AfugitivesheetofaseatedfemalefigureherhandrestingonavasewithherthoraxandabdomendissectedtorevealtheribsvertebralcolumnandpelvisPhotographafterawoodcut1611.jpg,A fugitive sheet of a seated female figure her hand resting on a vase with her thorax and abdomen dissected to reveal the ribs vertebral column and pelvis woodcut (1611)
WellcomeLibraryLondonWoundMan14thCenturyAD.jpg,Wellcome Library London Wound Man Century A D (14)
Unidentifiedsideainkalargelinedrawingofamanshowingthesevensubtlecentrescakrawiththebodyandthemainsubtleveinsnadi.jpg,side a ink a large line drawing of a man showing the seven subtle centres cakra with the body and the main subtle veins nadi
abdominalincisionwithascalpelwithhisrighthandwhilehislefthandisplacedonthecadavershipColourprocessprint1926afteramanuscriptillustration1345.jpg,abdominal incision with a scalpel with his right hand while his left hand is placed on the cadaver ship Colour process print 1926 after a manuscript illustration from 1345
MichelangelosStudyofAnatomy1024x400.jpg,Michelangelos Study of Anatomy (1024 400)
CPMICHELANGELOEcorcheLeg1.JPG,Michelangelo Ecorche Leg (1)
gautierdagotymedinart1745.jpg,gautier d'agoty (1745)
CopyofIllustrationfromRentijingmaitumanuscriptcreated16621722.jpg,Illustration from Rentijingmaitu manuscript created (1662-1722)
DissectionofaCadaverjpg15thcentury.jpg,Dissection of a Cadaver 15th century
AseatedfemalefigurewithadissectedabdomenPhotographafterawoodcutca15251530.jpg,A seated female figure with a dissected abdomen Photograph after a woodcut ca (1525-1530)
AcupuncturePrintcirca100BCThisshowsthedifferentJingmaipoints.jpg,Acupuncture Printcirca B C Thisshowsthedifferent Jingmaipoints (100)
manasatowerottomanmanuscript.jpg,man as a tower ottoman manuscript
ThiswonderfulillustrationisfromTheExpressivenessoftheBodyandtheDivergenceofGreekandChineseMedicinebyShigehisaKuriyamashowingthedifferencebetweenthebodyaspurelyfunctionorstructure.jpg,The Expressiveness of the Body and the Divergence of Greek and Chinese Medicine by Shigehisa Kuriyama showing the difference between the body as purely function or structure
CopyofNudeFemaleAnatomicalFigureartistunknownfromArzneibuch1524c1550artofmedbookp22.jpg,Copy of Nude Female Anatomical Figure artistun known from Arzneibuch (1524 1550 22)
1200pxAnathomia52MusclemaninredandblackbackviewWellcomeL0045192.jpg,Anathomia Muscle man in red and black back view Wellcome L (1200 52 0045192)
CPMICHELANGELOEcorcheArm3.jpg,Michelangelo Ecorche Arm (3)
LouiseBourgeois.jpg,Louise Bourgeois
1280pxRembrandtTheAnatomyLessonofDrNicolaesTulp.jpg,Rembrandt The Anatomy Lesson of Dr Nicolaes Tulp (1280)
111318103ArtHistoryMedicineIndiaAnatomy.jpg,Art History Medicine India Anatomy (111318103)
CopyofIllustrationofthesixchakrasoftantricyogainSanskritandHindiTheleftsideoftheimageshowsthesubtlebodytherightshowsgrossanatomyImagecreditWellcomeLibraryLondon.jpg,the six chakras of tantric yoga in Sanskritand Hindi The left side of the image shows the subtle body the right shows gross anatomy Wellcome Library London
47LeonLhermitteClaudeBernardPerformsanExperimentalVivisection1889ExperimentalVivesectionpg198.jpg,Leon L'Hermitte Claude Bernard Performs an Experimental Vivisection (47 1889 198)
TheAnatomyLessonofDrNicolaesTulpRembrandt1632WikimediaCommons.jpg,The Anatomy Lessonof Dr Nicolaes Tulp Rembrandt Wikimedia Commons (1632)
AllegoricalMedicineisaphotographbyLibraryOfCongresswhichwasuploadedonJuly31st2016.jpg,Allegorical Medicine
Adepictionofananatomicaltheatrejpeglieden.jpeg,A depiction of an anatomical theatre lieden
1280pxAnecorchefigurelifesizelyingproneonatableWellcomeL0020561.jpg,An ecorche figure life size lying prone on a table Wellcome L (1280 0020561)
movingbabyinthewomb.jpg,moving baby in the womb.jpg
amanasahousetuviyyahmedinartbook.jpg,a man as a house tuviyyah
AcupunctureModel17thcenturyinworkscited.jpg,Acupuncture Model (17th century)
CopyofGeorgeRipleyRipleysScrollRotulumHieroglyphicumGRiplaeiEquitisAurati1600.jpg,George Ripley's Scroll Rotulum Hieroglyphicum G Riplaei Equitis Aurati (1600)
MusclemanVesaliusUniversityofOklahomaHsitoryofScienceCollection.jpg,Muscle man Vesalius University of Oklahoma History of Science (Collection)
CPMICHELANGELOEcorche1.JPG,Michelangelo Ecorche (1)
BartholomewFig4Michelangelo.jpg,Bartholomew by Michelangelo (4)
WhattheOldMastersknewaboutAnatomyMichelangeloanatomy980x762.jpg,What the Old Masters knew about Anatomy Michelangelo anatomy (980 762)
MuseodellaSpecolaFlorenceItaly.jpeg,Museo della Specola Florence Italy
Lesmeridiens.png,Les meridiens
AnatomicalStudiesoftheArmLeonardodaVincica1510.jpg,Anatomical Studies of the Arm Leonardo da Vinci (1510)
CPMICHELANGELOEcorche3.JPG,Michelangelo Ecorche (3)
CPMICHELANGELOEcorche2.JPG,Michelangelo Ecorche (2)
FrontispieceofJohnBrowneMyographiaNovaOrAGraphicalDescriptionofAlloftheMusclesintheHumaneBodyAsTheyAriseinDissection.jpg,Frontispiece of John Browne Myographia Nova Or A Graphical Description of All of the Muscles in the Humane Body As They Arise in Dissection
BartholomewFig6dAgrate.jpg,Bartholomew Agrate (6)
AdamandEve1528jpgcranachtheelder.jpg,Adam and Eve (1528)
MichelangeloCadaverAnatomyStudies300x237.jpg,Michelangelo Cadaver Anatomy Studies (300 237)
nudeanatomicalfemale15241550colorwashandink.jpg,nude anatomical female
CopyofArtistUnknownBronzeAcupunctureFigure18thcentury.jpg,Unknown Bronze Acupuncture Figure (Artist 18)
MondinoAnathomia15413022668tif.jpg,Mondino Anathomia (15413022668)
AnatomicalIllustration.jpg,Anatomical (Illustration)
arteriesandveinsofthehumanbodywithadissectedtorsodetailingtheabsorbentsLineengravingbyHeathafterWalker1806.jpg,arteries and veins of the human body with a dissected torso detailing the absorbents Line engraving by Heathafter Walker (1806)
313338061724c82f814f2bjpgagraphicdrawingofaviolentlywoundedfigurerepeatedacrossaseriesofEuropeansurgicaltreatisesfrom1400.jpg,Europeansurgicaltreatisesfrom (313338061724 82 814 2 1400)
AWesternconceptionofthebodyLeonardodaVincisVitruvianMan.jpg,A Western conception of the body Leonardo da Vinci's Vitruvian Man
AdamandEveWoodcut1509jpgcranachtheelderwoodcut.jpg,Adam and Eve Woodcut (1509)
JapaneseManuscript5pngTheimageatleftisfromasetoffourprintedJapaneseacupuncturebroadsheetsc1661TheimageontherightisfromtheJapaneseflapanatomy.png,Japanese Manuscript The image is from a set of four printed Japanese acupuncture broadsheet
ArtistUnknownStatueShowingaWomanwithaGoiterGrowth19thcentury.jpg,Statue Showing a Woman with a Goiter Growth (19)
landonmiddlecoffcdveisenmannjpgCharlesEisenmannStudio1880.jpg,landon middle Charles Eisenmann Studio 1880
ClarkSignsofDiseasesinArtFig1219x300jpgLucreziaVertovaAgliardibyGiovanni.jpg,Lucrezia Vertova Agliardi by Giovanni (1219 300)
EgyptMedicalImage1.jpg,Egypt Medical Image (1)
goiter2.jpg,goiter (2)
CharlesEisenmannStudio18803.jpg,Charles Eisenmann Studio (18803)
14EduardoRosalesJohnofAustriasPresentationtoEmperorCharlesVatYuste1869Goutpg97.jpg,Eduardo Rosales John of Austrias Presentation to Emperor Charles Vat Yuste Gout (14 1869 97)
15JehanGeorgesVibertTheDietca1890Goutpg98.jpg,Jehan Georges Vibert The Diet Gout (15 1890 98)
1200pxGentileschijudith1jpggoiter.jpg,Gentiles chi judith goiter
clarksignsofdiseasethyroidPietroMoriconibaptizesLambertosonofthekingoftheBalearics.jpg,Pietro Moriconi baptizes Lamberto son of the king of the Balearics
ArtistUnknownGoutwithPlutoJupiterandNeptuneleftandGoutPatientswithInscriptionDeploringtheirPainfulStateright1537.jpg,Artist Unknown Goutwith Pluto Jupiterand Neptuneleftand Gout Patientswith Inscription Deploringtheir Painful Stateright (1537)
moronigoiter.jpg,moroni goiter
CopyofRubensWomanwithThyroidConditioninWorksCited.jpg,Rubens Woman with Thyroid Condition
GeorgeCruikshankIntroductionoftheGout1818.jpg,George Cruikshank Introduction of the Gout (1818)
Copyofgoiter.jpg,goiter
1566428886483sleepingcupidcaravaggiohormonalpaintingsaboutsyndromesanddiseasesmedium.jpg,sleeping cupid caravaggio
canice51.jpg,canice
SommerringIllustrationofFetalDevelopment1799.jpg,Sommerring Illustration of Fetal Development (1799)
StudiesoftheFetusintheWombLeonardodaVincica15101513.jpg,Studies of the Fetus in the Womb Leonardo da Vincica (15101513)
egyptiancircumcisionAnkhmahoSaqqarashowinganEgyptiancircumcisionceremony23502000BCE.jpg,Ankhmaho Saqqarashowingan Egyptian circumcision ceremony
EgonSchieleEdithSchieleonherDeathbed1918chaulkonpaperSpanishFlu.jpg,Egon Schiele Edith Schiele on her Deathbed Spanish Flu (1918)
SimoneBaschenisDanseMacabre1539Death1.jpg,Simone Baschenis Danse Macabre Death (1539 1)
FridaKahloTheDreaminBed1940oiloncanvas.jpg,Frida Kahlo The Dreamin Bed (1940)
221SimoneBaschenisDanseMacabre1539Deathpg118.jpg,Simone Baschenis Danse Macabre Death (221 1539 118)
SimoneBaschenisDanseMacabre1539Death.jpg,Simone Baschenis Danse Macabre Death (1539)
PieterBruegeltheElderTheTriumphofDeath1562oilonpanel117X162cmDeath.jpg,Pieter Bruegel the Elder The Triumph of Death (1562 117 162)
RCooperDeathSymbolism1912watercolorTuberculosis.png,R Cooper Death Symbolism Tuberculosis (1912)
ThomasBartholinFrontispieceofThomasBartholinAnatomiaExCaspariBartholiniParentis1666.jpg,Frontispiece of Thomas Bartholin Anatomia Ex Caspari Bartholini Parentis (1666)
PlaqueinscribedwiththeHippocraticOathinthelobbyofamedicalcenterat303SecondAvenueNewYorkNYPhotobyMichaelGoyette.jpg,Plaque inscribed with the Hippocratic Oath in the lobby of a medical center at Second Avenue New York Photo by Michael Goyette (303)
FrontispieceofAndreasVesaliusDeHumaniCorporisFabricaLibriSeptemSevenBooksontheStructureoftheHumanBodyFirstpublishedin1543.jpg,Frontispiece of Andreas Vesalius De Humani Corporis Fabrica Libri Septem Seven Books on the Structure of the Human Body (1543)
16thcenturymanuscriptoftheAlTibbalNabawiTreatiseonPropheticMedicinecreatedforOttomanemperorSuleimantheMagnificent.jpg,Al Tibbal Nabawi Treatise on Prophetic Medicine created for Ottoman emperor Suleiman the Magnificent (16)
LondonBritishLibrarySloane2839folio1vGalenHippocrates.png,London British Library Sloane Galen Hippocrates (2839 1)
ClarkSignsofDiseasesinArtFig4reducedCopy133x300jpgTheRescueoftheHeadofStTorpeCignarolianemia.jpg,Clark Signsof Diseasesin Art Fig Copy The Rescue of the Head of St Torpe Cignaroli anemia (4 133 300)
daniellambert19thcenturyPRADERWILLISYNDROME.jpg,Prader Willi Syndrome
josephmerrick5jpgproteussyndrome.jpg,joseph merrick proteus syndrome
14JusepedeRiberaTheClubfoot1642.jpg,Jusepede Ribera The Clubfoot (14 1642)
2josephmerrickusnationallibraryofmedicinesciencephotolibraryjpgelephantman.jpg,joseph merrick us national library of medicine science elephantman
CharlesEisenmannFreaks18.jpg,Charles Eisenmann Freaks (18)
CharlesEisenmannMyrtleCorbin.jpg,Charles Eisenmann Freaks (18)
CharlesEisenmannStudio18804.jpg,Charles Eisenmann Studio (18804)
ProteusSyndrome2needtofindsource.jpg,Proteus Syndrome (2)
CharlesEisenmannStudio1880s.jpg,Charles Eisenmann Studio (1880)
23SalvadorDaliVelazquezDyingbehindtheWindowontheLeftSideofWhichaSpoonProjects1982.jpg,Salvador Dali Velazquez Dying behind the Window on the Left Side of Which a Spoon Projects (23 1982)
22DiegoVelazquezTheBuffoonSebastiandeMorra1644.jpg,Diego Velazquez The Buffoon Sebastian de Morra (22 1644)
elephantmannlm101434392.jpg,elephant man
jimdavisgiantjpgCharlesEisenmannStudio1880.jpg,jim davis giant Charles Eisenmann Studio (1880)
CharlesEisenmannStudiorussiandogfaceboy1880s.jpg,Charles Eisenmann Studio russian dog face boy (1880)
PRADERWILLISYNDROME3.jpg,Prader Willi Syndrome
LaviniaFontanaAntoniettaGonzalez1656.jpg,Lavinia Fontana Antonietta Gonzalez (1656)
CharlesEisenmannStudio1880.jpg,Charles Eisenmann Studio (1880)
JuanCarrenodeMirandaPortraitofCharlesIIc1685.jpg,Juan Carrenode Miranda Portraitof Charles II (1685)
6ff4ba19504284df770565ba0f756614pagliaccigiovanni.jpg,pagliacci giovanni
PRADERWILLISYNDROME4.jpg,Prader Willi Syndrome
ClarkSignsofDiseasesinArtFig3300x228jpganemia.jpg,anemia
2PRADERWILLISYNDROME.jpg,Prader Willi Syndrome
CharlesEisenmannStudio18801.jpg,Charles Eisenmann Studio (18801)
leonardoanatomist7.jpg,leonardo anatomist
luciliodealbuquerquepreta1912oleosobretela.jpg,lucilio de albuquerque pret a 1912 oleo sobre tela
CrazyKateThomasBarkerPublicdomaincourtesyofYorkArtGallery.jpg,Crazy Kate Thomas Barker
AsclepiusandTwoGoddesses5thcenturyBCE.jpg,Asclepius and Two Goddesses
UnknownArtistABirthScenepossiblyFrench1800oilonpaperWellcomeLibraryLondon.jpg,A Birth Scene Wellcome Library London (Artist 1800)
ToniaNnejiFaithandWorryDetail2020AcrylicandOilonCanvas48x48inches.jpg,Tonia Nneji Faith and Worry Detail Acrylic and Oilon Canvas (2020 48 48)
CopyofRaphaelFornarinabreastcancerinworkscited.jpg,Raphael Fornarina breast cancer
676pxFoetalpositionsinuteruspregnantfemaleWellcomeL0029310jpgwomanwithailmentsfromtheapocalypse1420.jpg,Foetal positions in uterus pregnant female Wellcome L (676 0029310 1420)
LavirgendelalechepaintedbyMaestroBartolomeSpain1490Imageviawikipedia.jpg,La virgen de la leche painted by Maestro Bartolome Spain (1490)
TheOriginoftheMilkyWayabout1575.jpg,The Origin of the Milky Way (1575)
IllustrationofRashidadDinsJamialtawarikhBirthofaprince14thcenturywatercoloronpaper127X25cmTheastrologershaveastrolabes.jpg,Rashidad Dins Jamialtawarikh Birth of a prince The astrologers have astrolabes (14 127 25)
gilbertogomesbrasil1953maternidade1981.jpg,gilberto gomes brasil 1953 maternidade 1981
VotiveSteleofMotherFaintingAfterChildbirthClassicalPeriodGreeklate5thCenturyBCEmarble267X217cmMetMuseumofArt.jpg,Votive Stele of Mother Fainting After Childbirth Classical Period Greek late Century BCE marble Met Museum of Art (5 267 217)
ToniaNnejiFromNnadoziewithLove2020AcrylicandOilonCanvas48x48inches.jpg,Tonia Nneji From Nnadoziewith Love Acrylic and Oil on Canvas (2020 48 48)
ErnstNeuschul18951968.jpg,Ernst Neuschul (18951968)
KahloBrokenColumn.jpg,Kahlo Broken Column
WaterhouseOphelia1894.jpg,Waterhouse Ophelia (1894)
alfredoVolpiMaeefilha.jpg,Volpi Mae e filha
BabyJohnBeingNursedbyMaryCassatt1910.jpg,Baby John Being Nursed by Mary Cassatt (1910)
GiulioCesareCasseriandAdriaanvandeSpiegelAnatomicalillustrationsfromDeformatofoetulibersingularisPaduaIoBapdeMartinisLiviusPasquatus1626.jpg,Giulio Cesare Casseri and Adriaan van de Spiegel Anatomical illustrations from Deformato foetu liber singularis Padua Io Bapde Martinis Livius Pasquatus (1626)
Maternidade1937.jpg,Maternidade (1937)
ToniaNnejiSoonerorLater2020AcrylicandOilonCanvas48x48inches.jpg,Tonia Nneji Sooner or Later Acrylic and Oil on Canvas (2020 48 48)
RomanPlaqueOstiaItalyThismarbleplaquedepictsaparturitionorbirthingscenethedepictionofsuccessfulbirthsmayhaveeasedthefearsofexpectantmothers400BCE300CE.jpg,Roman Plaque Ostia Italy This marble plaque depicts a parturition or birthing scene the depiction of successful births may have eased the fears of expectan tmothers (BCE 400-300)
LavirgendelalechebySpanishpainterPedroBerruguete1500.jpg,La virgen de la leche by Spanish painter Pedro Berruguete (1500)
FridaKahloHenryFordHospital1932oilonmetal305X38cmmiscarriage.jpg,Frida Kahlo Henry Ford Hospital X (1932 305 38)
DoctortakingwomanspulseAvicennasCanonmanuscriptCanonofMedicinealqanunFiTTibbBindingboardofmanuscriptofAvicennasCanon.jpg,Doctor taking woman's pulse Avicenna's Canon manuscript Canon of Medicine al Qanun
HoracePippinCountryDoctorNightCall1935MFABostonoiloncanvas28X32.jpg,Horace Pippin Country Doctor Night Call Boston oil on canvas X (1935 28 32)
CopyofJosephWrightofDerbyAnExperimentonaBirdintheAirPumpjpgDermatomyositis.jpg,Joseph Wright Derby An Experiment on a Bird in the Air Pump Dermatomyositis
2MarieFrancoisFirminGirardTheConvalescents1891.jpg,Marie Francois Firmin Girard The Convalescents (2 1891)
theconvalescent1924jpgLargejpgTheConvalescent.jpg,The Convalescent (1924)
KarlOpfermannGermanyRoding18911960convalescent.jpg,Karl Opfermann Germany Roding (18911960)
carolusduranconvalescentjpgTheConvalescentCharlesCarolusDuranTheConvalescentTheWoundedManc1860.jpg,The Convalescent Charles Carolus Duran The Convalescent The Wounded Man (1860)
4LuigiNonoConvalescent1889.jpg,Luigi Nono Convalescent (4 1889)
FrancisMontagueHollConvalescent.jpg,Francis Montague Holl Convalescent
678pxEdgarDegasTheConvalescentGoogleArtProjectjpg1872.jpg,Edgar Degas The Convalescent 1872
8HansBaldungTheAgesofWomenandDeath15411544.jpg,Hans Baldung The Ages of Women and Death (8 15411544)
davinciselfportrait.jpg,da vinci self portrait
RembrandtSelfPortraitattheAgeof63.jpg,Rembrandt Self Portrait at the Age of 63
oldmarketwomanhellenistic.jpg,old market woman hellenistic
9SalvadoorDaliOldAgeAdolescentsInfancyTheThreeAges1940.jpg,Salvadoor Dali Old Age Adolescents Infancy The Three Ages (9 1940)
12GustavKlimtThreeAgesofWoman1905.jpg,Gustav Klimt Three Ages of Woman (12 1905)
RembrandtSelfportraitMauritshuis1669.jpg,Rembrandt Self portrait Mauritshuis (1669)
instruments.jpg,surgical instruments
52HenriGervexBeforetheOperationDrPeanTeachingHisDiscoveryofCompressionofBloodVesselsatSaintLouisHospital1887SurgeryPg203.gif,Henri Gervex Before the Operation Dr Pean Teaching His Discovery of Compression of Blood Vessels at Saint Louis Hospital Surgery (52 1887 203)
SurgicalToolsPompeii.jpg,Surgical Tools Pompeii
Thegreatestmistakeinthetreatmentofdiseasesisthattherearephysiciansforthebodyandphysiciansforthesoulalthoughthetwocannotbeseparated.jpg,The greatest mistake in the treatment of diseases is that there are physicians for the body and physicians for the soul although the two cannot be separated
54EdouardVuillardTheSurgeons191214Surgerypg206.jpg,Edouard Vuillard The Surgeons Surgery (54 191214 206)
48RobertCHinckleyTheFirstOperationunderEther188294EtherPg199.jpg,Robert C Hinckley The First Operation under Ether
50ThomasEakinsTheAgnewClinic1889Surgerypg201.jpg,Thomas Eakins The Agnew Clinic Surgery (50 1889 201)
49AdelbergFSeligmannTheodorBillrothOperatingattheSurgicalClinic21890Surgerypg200.jpg,Adelberg F Seligmann Theodor Billroth Operating at the Surgical Clinic Surgery (49 21890 200)
42CircumcisionEgyptianrelief2345Circumcisionpg179.png,Circumcision Egyptian relief
barbarahepworthmedicaldrawings.jpg,barbara hepworth medical drawings
ChristianSchadOperation1929Surgery.jpg,Christian Schad Operation Surgery (1929)
TheAgnewClinicdepictsDrAgnewperformingapartialmastectomyinamedicalamphitheaterThomasEakinsoiloncanvas1889.jpg,The Agnew Clinic depicts Dr Agnew performing a partial mastectomy in a medical amphitheater Thomas Eakins oil on canvas (1889)
53EdvardMunchTheOperation1902Surgerypg205.jpeg,Edvard Munch The Operation Surgery (53 1902 205)
RodinssculptureLeftHandofEustachedeStPierreduringthescanningprocessphotobyMatthewHaselStanfordSchoolofMedicine.jpg,Rodin's sculpture Left Hand of Eustachede St Pierre during the scanning process photo by Matthew Hasel Stanford School of Medicine
6OttoDixTheMatchSeller1920.jpg,Otto Dix The Match Seller (6 1920)
ErnestBoard1912AmbroisePareUsingtheLigaturewhenAmputatingontheBattlefieldattheSiegeofBramvilliers1552.jpg,Ernest Board Ambroise Pare Using the Ligature when Amputating on the Battlefield at the Siege of Bramvilliers (1912 1552)
Ayoungwomanaged23depictedbeforeandaftercontractingcholeraColouredstippleengravingneedtofindsource.jpg,A young woman aged 23 depicted before and after contracting cholera
httpcdncnncomcnnnextdamassets180228120843watercolourofawoundedsoldier1815bycharlesbell.jpg,water colour of a wounded soldier 1815 by charles bell
DiegoVelazquezPortraitofSebastiandeMorra1645.jpg,Diego Velazquez Portrait of Sebastiande Morra (1645)
TheUglyDuchessoraGrotesqueOldWomanhereditarydiseaseinworkscited.jpg,The Ugly Duchess or a Grotesque Old Woman
LeonarddaVinciSalvatorMundiExotropiashowsineyesdavincisconditioninworkscited.jpg,Leonard da Vinci Salvator Mundi Exotropia shows in eyes da vinci's condition
AdamandEve1533jpgcranachtheelder.jpg,Adam and Eve 1533 cranach the elder
ManetTheConvalescentSuzanneManet.jpg,Manet The Convalescent Suzanne Manet
ArtistUnknownAYoungVenetianWomanAged23DepictedBeforeandAfterContractingCholera1831.jpg,Artist Unknown A Young Venetian Woman Aged Depicted Before and After Contracting Cholera (23 1831)
VenusandCupid1509jpgcranchtheelder.jpg,Venus and Cupid (1509)
VenusandCupidca1530jpgcranachtheelder.jpg,Venus and Cupid ca 1530 cranach the elder
dropsicalchild1024x734.jpg,dropsical child
PeterPaulRubensTheLandingofMariaobesityneedtofindsource.jpg,Peter Paul Rubens The Landing of Maria obesity
800pxPortraitofDrGachetjpgvangogh.jpg,Portrait of Dr Gache van gogh
ChristHealsablindmanTheSyriacLectionaaryMosul12161.jpg,Christ Heals a blindman The Syriac Lectionaary Mosul (12161)
TheThreeGraces1535jpgcranchtheelder.jpg,The Three Graces (1535) cranch the elder
WatteauPierrotgiantinworkscited.jpg,Watteau Pierrot giant
astainedglasswindowdepictingjesuscuringthemanwithpalsychurchChurchofChristtheConsolerSkeltonCumNewbyinworkscited.jpg,Church of Christ the Consoler Skelton Cum Newby
SirCharlesBellTwoWoundedBritishSoldiers1836fromthesketchesof1815.jpg,Sir Charles Bell Two Wounded British Soldiers (1836 1815)
michelangelolastjudgement1050x700.jpg,michelangelo last judgement
AVergersDreamSaintsCosmasandDamianPerformingaMiraculousCurebyTransplantationofaLegatrributedtotheMasterofLosBalbases1495.jpg,A Vergers Dream Saints Cosmas and Damian Performing a Miraculous Cure by Transplantation of a Leg atrributed to the Master of Los Balbases (1495)
Lucretia1533jpgcranachtheelder.jpg,Lucretia (1533) cranach the elder
VenusandCupidwithaHoneycomb1531jpgcranchtheelder.jpg,Venus and Cupid with a Honeycomb (1531) cranach the elder
ChristHealsaparalyticTheGospelofTsarIvanAlexanderTurnova13553680x479.jpg,Christ Heals a paralytic The Gospel of Tsar Ivan Alexander Turnova (13553680 479)
ArtandMedBookSvamihamsasvarupakrtamSwamiHamsasvarupa1903.jpg,Svamihamsasvarupakrtam Swami Hamsasvarupa (1903)
ArtistUnknownChineseAcupunctureCharts18thcentury2.jpeg,Chinese Acupuncture Charts (18 2)
Lucretia1524jpgcranchtheelder.jpg,Lucretia (1524) cranach the elder
EdvardMunchScreamimpotenceanxietymultiplesourcesontheweb.jpg,Edvard Munch Scream
DickKet.jpg,Dick Ket
LamQuaASeatedChineseManPoAshingfromGuangzhouwithaVeryLargeTumoronhisLeftArm1836.jpg,Lam Qua A Seated Chinese Man Po Ashing from Guangzhou with a Very Large Tumoron his Left Arm (1836)
LaviniaFontanaAntoniettaGonzalez16562.jpg,Lavinia Fontana Antonietta Gonzalez (16562)
VenusandCupid1531jpgcranchtheelder.jpg,Venus and Cupid (1531)
ManiabeforeandManiaafterfromAlexanderMorisonThe.jpg,Mania before and Mania after from Alexander Morison
PeltierThirdFrenchLancersSirCharlesBell1836fromasketchmadeJuly21815.jpg,Peltier Third French Lancers Sir Charles Bell July (1836 21815)
ArtistUnknownStatueShowingElephantiasisoftheScrotum19thCentury.jpg,Statue Showing Elephantiasis of the Scrotum (19th century)
CharlesEisenmannSacredHairyFamilyofBirma1910needtofindsource.jpg,Charles Eisenmann Sacred Hairy Family of Birma (1910)
Melanoma.jpg,Melanoma
ArtistUnknownWoundManfromtheAnathomiabyCladiusGalen1450s.jpg,Wound Man from the Anathomia by Cladius Galen (1450)
VirginandChildunderanAppleTree152530jpgcranachtheelder.jpg,Virgin and Child under an Apple Tree (152530)
WhattheOldMastersknewaboutAnatomyGreekanatomy980x1135.jpg,What the Old Masters knew about Anatomy Greek anatomy (980 1135)
HieronymusBoschShipofFools14901500.jpg,Hieronymus Bosch Ship of Fools (14901500)
2CharlesEisenmannStudio1880.jpg,Charles Eisenmann Studio (2 1880)
Bacchusobesityneedtofindsource.jpg,Bacchus obesity
CharlesIIofSpainJuanCarrenodeMirandacirca1685MuseumofArtHistoryViennaQ320jpgMandibularprognathismHabsburgJaw.jpg,Charles II of Spain Juan Carrenode Miranda Habsburg Jaw (1685 320)
ElGrecoTheMiracleofChristHealingtheBlind1570.jpg,El Greco The Miracle of Christ Healingthe Blind (1570)
AdamandEve1538jpgcranachtheelder.jpg,Adam and Eve (1538)
024352924899c8d156ea1b280abf447alagrandeartexhibitions.jpg,alagrande
CaiusGabrielCibberMeloncoly1676.jpg,Caius Gabriel Cibber Meloncoly (1676)
VenusStandinginaLandscape1529jpgcranchtheelder.jpg,Venus Standing in a Landscape (1529)
CupidComplainingToVenus1530jpgcranchtheelder.jpg,Cupid Complaining To Venus (1530)
RecliningNymph153034jpgcranachtheelder.jpg,Reclining Nymph (153034) cranach the elder
RecliningRiverNymphAtTheFountain1518jpgcranchtheelder.jpg,Reclining River Nymph At The Fountain (1518) cranach the elder
LeChapeaudePaillebyPeterPaulRubens1200x1760.jpg,Le Chapeau de Paille by Peter Paul Rubens (1200 1760)
Pinelfreestheinsane1878jpgTonyRobertFleuryUnchainingtheInsaneattheHospitalofSalpetriere1878.jpg,Pinel frees the insane Tony Robert Fleury Unchaining the Insane at the Hospital of Salpetriere (1878 1878)
PeterPaulRubensVenusinFrontofaMirrorobesityneedtofindsource.jpg,Peter Paul Rubens Venus in Front of a Mirror obesity
LucianoNezzoASurgeonHoldingaDentalKeyBehindhisBacktoConcealItFromThePatient1900.jpg,Luciano Nezzo A Surgeon Holding a Dental Key Behind his Backto Conceal It From The Patient (1900)
EgonSchieleGustavKlimtonhisdeathbed1918.jpg,Egon Schiele Gustav Klimt on his deathbed (1918)
TheJudgmentofParis151214jpgcranachtheelder.jpg,The Judgment of Paris (151214)
ApolloAndDianajpgcranachtheelder.jpg,Apollo And Diana cranach the elder
gonsalvus.jpg,gonsalvus
Adissectedpregnantfemale17645JacquesFabienGautierDAgoty17171785WellcomeLibraryLondon322x1024.jpg,A dissected pregnant female Jacques Fabien Gautier D'Agoty Wellcome Library London (17645 17171785 322 1024)
CranachtheElderPortraitofCharlesV1533hereditarydiseaseIthinkthisisintheworkscitedIdontknowIamgettingtired.jpg,Cranach the Elder Portrait of Charles V (1533)
ArtandMedBookPage29ayurvedicmananatomicalfigure1700sinworkscited.jpg,ayurvedic man anatomica lfigure 1700s
LamQuaAChineseLadyLoWanshunfromGhangzhouwithaTumouronherLeftCheek1836.jpg,Lam Qua A Chinese Lady Lo Wanshun from Ghangzhouwitha Tumour on her Left Cheek (1836)
EdvardMunchTheSickChild1885.jpg,Edvard Munch The Sick Child (1885)
proteussyndrome.jpg,proteus syndrome
davinciexotropia.jpg,da vinci exotropia
PeterPaulRubensBacchusPRADERWILLISYNDROMEinworkscited.jpg,Peter Paul Rubens Bacchus
9GiambattistaTiepoloMiracleofSaintPatrick1740.jpg,Giambattista Tiepolo Miracle of Saint Patrick (9 1740)
4GentiledafabrianoPresentationatthetemple1423.jpg,Gentile da fabriano Presentation at the temple (4 1423)
1WolfgangHeimbachTheInvalid.jpg,Wolfgang Heimbach The Invalid (1)
11RafaelRomerodeTorresLastRites1890.JPG,Rafael Romerode Torres Last Rites (11 1890)
legdiseases.jpg,leg diseases
2e719b071a4b51f69883a4ab8822c2eftousledhairyoungwomen.jpg,tousled hair young woman
27WilliamHogarthGinLane1751.jpg,William Hogarth Gin Lane (27 1751)
7BartolomeestebanmurilloSaintthomasofVillanovaDistrubutingalms.jpg,Bartolome esteban murillo Saint thomas of Villanova Distrubuting alms (7)
17PieterBruegeltheElderTheBlindLEadingtheBlind1568.jpeg,Pieter Bruegel the Elder The Blind Leadingthe Blind (17 1568)
5CaravaggioThesevenactsofMercy160607.jpg,Caravaggio The seven acts of Mercy (5 160607)
18JusepedeRiberaTheSenseofTouch161516.jpg,Jusepede Ribera The Sense of Touch (18 161516)
2PaulGauguinVisionoftheSermonJacobwrestlingwiththeangel.jpg,Paul Gauguin Vision of the Sermon Jacob wrestling with the angel (2)
8PietevanlaerThgeFlagellants1635.jpg,Piete van laer Th e Flagellants (8 1635)
26PaulMarieLouisPierreRicherFigureofaWomanwithParkinsonsDiseaseafter1895.jpg,Paul Marie Louis Pierre Richer Figure of a Woman with Parkinsons Disease after (26 1895)
1a926c366d008a8f4367a91886de8191penguinspenguinparade.jpg,penguin parade
13GiandomenicoTiepoloTheToothPuller1754Toothachepg91.jpg,Giandomenico Tiepolo The Tooth Puller Toothache (13 1754 91)
TurkishToothacheshownasandorwithdemonsofhell.jpg,Turkish Toothache
ToothWormsSumarian5000BC.png,Tooth Worms Sumarian BC (5000)
12GerritvanHonthorstTheDentist1622Toothache.jpg,Gerrit van Honthorst The Dentist Toothache (12 1622)
51HenrideToulouseLautrecDrPeanOperating1891Surgerypg202.jpg,Henride Toulouse Lautrec Dr Pean Operating Surgery (51 1891 202)
3HeleneSchjerfbeckTheConvalescent1888.jpg,Helene Schjerfbeck The Convalescent (3 1888)
MuhammadRevivestheSickBoyFoliofromaFalnamaBookofOmensofJafaralSadiq.jpg,Muhammad Revives the Sick Boy Folio froma Falnama Book of Omens of Jafaral Sadiq
CountryDoctor.jpg,Country Doctor
LukeFildesTheDoctorOilonCanvas.jpg,Luke Fildes The Doctor Oil on Canvas
NormanRockwellTheDoctorandTheDolls1949.jpg,Norman Rockwell The Doctor and The Dolls (1949)
NormanRockwellAttheOptometrist1956.jpg,Norman Rockwell At the Optometrist (1956)
GabrielMetsuTheVisittotheNursery1661MetropolitanMuseumofArtNewYork.jpg,Gabriel Metsu The Visit to the Nursery Metropolitan Museum of Art New York (1661)
NormanRockwellDocMellhornandthePearlyGates1938.jpeg,Norman Rockwell Doc Mellhorn and the Pearly Gates (1938)
StevenDohanosSeparationAnxiety1955.jpg,Steven Dohanos Separation Anxiety (1955)
JBondFranciscoTheSickChild1893oiloncanvas32x48in813x1218cmSmithsonianAmericanArtMuseumMuseumPurchase19919.jpg,J Bond Francisco The Sick Child Smithsonian American Art Purchase (1893 32 48 813 1218 Museum Museum 19919)
MorganWeistlingTheCountryDoctor2013.jpg,Morgan Weistling The Country Doctor (2013)
EdvardMunchTheSickChild1885Norwayoiloncanvas120X119cmtuberculosis.jpg,Edvard Munch The Sick Child Norway
GabrielMetsuTheSickChildc1660RijksmuseumAmsterdam.jpg,Gabriel Metsu The Sick Child Rijksmuseum Amsterdam (1660)
RichardSargentDoctorandDog1953.jpg,Richard Sargent Doctor and Dog (1953)
NormanRockwellBeforetheShot1958oiloncanvasNormanRockwellMuseum.jpg,Norman Rockwell Before the Shot Norman Rockwell (1958 Museum)
NormanRockwellTheDoctorandtheDoll1929oiloncanvasNormanRockwellMuseum.jpg,Norman Rockwell The Doctorandthe Doll Norman Rockwell (1929 Museum)
AgirlintheLondonAsylumsufferingfromchronicpellagraWellcome.jpg,A girl in the London Asylum suffering from chronic pellagra Wellcome
RichardSargentBabysFirstShot1962.jpg,Richard Sargent Babys First Shot (1962)
PaulSeignacTheSickChild187075.jpg,Paul Seignac The Sick Child (187075)
EdvardMunchTheSickChild1894NorwayEtching361X272cmtuberculosis.jpg,Edvard Munch The Sick Child Norway Etching X (1894 361 272)
EustachiusIllustrationofkidneysBartolomeoEustachiusTabulaeAnatomicae1722.jpg,Eustachius Illustration of kidneys Bartolomeo Eustachius Tabulae Anatomicae (1722)
AskseliGallenKallelaWoundFeveralsoknownasHaavakuume1889oiloncanvas62X725cmcytokinereleasefromSaureussepsisinmanwithaninfectedhandinjury.jpg,Askseli Gallen Kallela Wound Fever also known as Haavakuume Saureus (1889 62 725)
ManuelGomezMorenoyGonzalezSaintJohnofGodSavestheSickoftheRoyalHospitalinGranadafromtheFire1880.jpg,Manuel Gomez Morenoy Gonzalez Saint John of God Saves the Sick of the Royal Hospital in Granada from the Fire (1880)
JeanBaptiseDeshaysDeathofHercules1762oiloncanvas661X509transdermalpoisoningCsontvaryKosztkaOldFisherman19001902oiloncanvas60X45cm.jpg,Jean Baptise Deshays Death of Hercules Kosztka Old Fisherman X (1762 661 509 19001902 60 45)
1280pxTombofGiulianodeMedicinightmichelangelobreastcancer.jpg,Tomb of Giuliano de Medici
michelangelobreastcancer.jpg,michelangelo breast cancer
MosaicsatMonrealeCathedral1180s.jpg,Mosaics at Monreale Cathedral (1180)
WilliamhealsablindwomanYorkMinster.jpg,William heals a blind woman York Minster
PierodiCosimo044.jpg,Piero di Cosimo (044)
MichelangeloMosesjugularvenousdistension.jpg,Michelangelo Moses jugular venous distension
MosesMichelangelojugularvenousdistension.jpg,Moses Michelangelo jugular venous distension
1200pxMonaLisabyLeonardodaVincifromC2RMFretouchedjpgLDL.jpg,Mona Lisa by Leonardo da Vinci
DavidGermanPainting1888jugularvenousdistensionOsmarSchindler.jpg,David German Painting Osmar Schindler (1888)
scurvy2.jpg,scurvy
AnengravingbyGustaveDorefromColeridgesRimeoftheAncientMarinertheoriginalballadofscurvy.jpg,An engraving by Gustave Dore from Coleridges Rimeofthe Ancient Mariner the original ballad of scurvy
pllegra.jpg,pellagra
scurvy.jpg,scurvy
daltonrashofsores1856.jpg,dalton rash of sores 1856
TheCrucifixion150003jpgcranachtheelder.jpg,The Crucifixion (150003) cranach the elder
GeorgeKirtlandSmallpoxVariolationleftandCowpoxVaccinationrightonthe14thDay1802.jpg,George Kirtland Smallpox Variolationleftand Cowpox Vaccination
DavidTheDeathOfMarat1793variousskinconditionssuspectedinworkscited.jpg,David The Death Of Marat (1793)
femalepatientwithskinconditiondalton1850sartandmed74.jpg,female patient with skin condition dalton 1850s
femalepatientwithskinconditiondalton1850s.jpg,female patient with skin condition dalton 1850s
CopyofmunchinheritanceCongenitalsyphilis.jpg,munch inheritance Congenital syphilis
PetrusGonsalvus.jpg,Petrus Gonsalvus
DeathofMaratDavin.jpg,Death of Marat Davin
WilliamCuffandWilliamSkeltonAnArmwithanInflamedVaccinePustule1798.jpg,William Cuffand William Skelton An Arm with an Inflamed Vaccine Pustule (1798)
WilliamCuffandWilliamSkeltonTheHandofSarahNelmesInfectedwiththeCowpox1798.jpg,William Cuff and William Skelton The Hand of Sarah Nelmes Infected with the Cowpox (1798)
CopyofQuentinMatsysAGrotesqueOldWomanautoimmunedermatomyositisorJDMinworkscited.jpg,Quentin Matsys A Grotesque Old Woman autoimmune dermatomyositis
36DomenicodiBartoloCareoftheSkininthePellegrinaioPilgrimsHall1440Hospitalpg155.jpg,Domenico di Bartolo Care of the Skin in the Pellegrinaio Pilgrims Hall Hospital
450pxMrsBennettcuredofskindiseaseWellcomeL0051293.jpg,Mrs Bennett cured of skin disease Wellcome Library (450 0051293)
STDAnguishedMan11024x512.jpg,STD Anguished Man (11024 512)
JEANLOUISTHEODOREGERICAULTLaBalsadelaMedusaRaftofMedusaMusedelLouvre181819.jpg,Gericault La Balsadela Medusa Raft of Medusa Muse de Louvre (181819)
TheodoreGericaultPortaitofaChildSnatcher1822.jpg,Theodore Gericault Portait of a Child Snatcher (1822)
FranciscoGoyayLucientesThesleepofreasonproducesmonstersc1799.jpeg,Francisco Goya y Lucientes The sleep of reason produces monsters (1799)
40WilliamHograthARakesProgressTomRakewellendsupinBethlehemHospitalMadhouse1735Madhousepg167.jpg,William Hograth A Rakes Progress Tom Rakewell ends up in Bethlehem Hospital Madhouse Madhouse
BandagedEarbyVincentvanGogh1889.jpeg,Bandaged Ear by Vincent van Gogh (1889)
aclinicallessonwithdoctorcharcotatthesalpetriere1887pierreandrebrouillet.jpg,a clinical lesson with doctor charcot at the salpetriere 1887 pierre andre brouillet
PanelofaRomanmosaicdepictingthemadnessofHeraclesHerculesfurensfromtheVillaTorredePalmanearMonforte3rd4thcenturyCE.jpg,Panel of a Roman mosaic depicting the madness of Heracles Hercules furens from the Villa Torrede Palmanear Monforte C E (3 4)
AlbrechtDurerMelancoliaEngravingonpaper.jpeg,Albrecht Durer Melancolia Engravingonpaper
39VincentvanGoghCorridorintheAsylum1889DesolationandConfinementpg159.jpg,Vincent van Gogh Corridor in the Asylum Desolation and Confinement (39 1889 159)
TheodoreGericaultPortraitsoftheInsane1822.jpeg,Theodore Gericault Portraits of the Insane (1822)
StGulthricexpelsademon1210.jpg,St Gulthric expels a demon (1210)
CopyofthyroidhysteriaAndreBrouilletUneleconcliniquealaSalpetriere1887.jpg,thyroid hysteria Andre Brouillet Un elecon clinique a la Salpetriere (1887)
27GeorgeBellowsDanceinaMadhouse1917MentalHealthpg127.jpg,George Bellows Dance in a Madhouse Mental Health
CopyofJamesNorrisGeorgeArnald1815.jpg,James Norris George Arnald (1815)
CopyofJeanEtienneDominiqueEsquirolInsanePatientinaStraitjacketAmbroiseTardieu17881841fromMentalMaladies1838.jpg,Jean Etienne Dominique Esquirol Insane Patientina Straitjacket Ambroise Tardieu Mental Maladies (17881841 1838)
28PlatefromEDEsquirolDesmaladiesmentalesconsidereessouslesrapportsmedicalmhygieniqueetmedicolegal1838Madnesspg129.jpg,Plate from E D Esquirol Des maladies mentales considerees sous les rapports medical hygienique et medicolegal (28 1838 129)
CopyofCopyofSalvadorDaliInvisibleLionHorseSleepingWomanHysterianeedtofindsource.jpg,Salvador Dali Invisible Lion Horse Sleeping Woman Hysteria
23FrancescoHayezMelancholyThrought1842Melancholypg120.jpg,Francesco Hayez Melancholy Throught Melancholy
26HieronymusBoschTheShipofFools1494MentalHealthpg126.jpg,Hieronymus Bosch The Ship of Fools Mental Health
MadmanafterSirCharlesBell1844.jpg,Madman after Sir Charles Bell (1844)
WilliamHogarthTheRakeinBedlam1733.jpg,William Hogarth The Rakein Bedlam (1733)
TheodoreGericaultPortraitofaManSufferingfromDelusionsofMilitaryCommand1822.jpg,Theodore Gericault Portrait of a Man Suffering from Delusions of Military Command (1822)
1024pxJohnHenryFuseliTheNightmarejpg1781.jpg,John Henry Fuseli The Nightmare (1781)
PhaedraandHippolytusRoman290CEmarble.jpg,Phaedra and Hippolytus Roman marble (290)
GustaveCourbetSelfPortraitTheDesperateManc184345.jpg,Gustave Courbet Self The Desperate Manc (Portrait 184345)
10JanSteenLovesicknessca1660.jpg,Jan Steen Love sickness (10 1660)
29LucasCranachtheElderMelancholy1532Melancholypg133.jpg,Lucas Cranach the Elder Melancholy
35FranciscodeGoyaTheMadhouseca181214Madhousepg152.jpg,Francisco de Goya The Madhouse
CopyofMedievalcrutchesJuly18HermannofReichenau10131054.jpg,Medievalcrutches July18 Hermannof Reichenau10131054
306389068240afa3f480do.jpg,306389068240afa3f480do
IapyxtendsAeneasPompeiiwallpaintingc1stcADHouseofSiricus.jfif,Iapyxtends Aeneas Pompeiiwallpaintingc1stc A D Houseof Siricus
FranciscoGoyaBeggar.jpg,Francisco Goya Beggar
CopyofSeecaptionsinworkscited.jpg,Seecaptionsinworkscited
HieronymusBoschTheExtractionoftheStoneofMadnessTheCureofFolly1494.jpg,Hieronymus Bosch The Extractionofthe Stoneof Madness The Cureof Folly1494
17thCenturyBrainScancloseupMadnessLeMedecinguerissantPhantasieAKAA17thCenturyBrainScan.jfif,17th Century Brain Scancloseup Madness Le Medecinguerissant Phantasie A K A A17th Century Brain Scan
HonoreDaumierLemaldeteteTheHeadache.jpg,Honore Daumier Lemaldetete The Headache
download1.png,Download1
CopyofSeecaptionsinworkscited2.jpg,Seecaptionsinworkscited2
This18thdynastypaneldepictsapoliosuffererWikimedia.avif,This18thdynastypaneldepictsapoliosufferer Wikimedia
OmSep2018Fig56768x992.jpg,Om Sep2018 Fig56768x992
Copyofoct19newprints00022foressay.jpg,Oct19newprints00022foressay
67902.jpg,67902
OrganManwithArteriestheStomachandInternalOrgansartistunknownfromTheApocalypsec14201430artofmedbook.jpg,Organ Manwith Arteriesthe Stomachand Internal Organsartistunknownfrom The Apocalypsec14201430artofmedbook
67903.jpg,67903
306422886348d092b59f8o.jpg,306422886348d092b59f8o
3063890644434d6a68e47o.jpg,3063890644434d6a68e47o
gettyimages11480201122048x2048jpgOrganManwitharteriesstomachSkeletonNervesartandmedgetty.jpg,Gettyimages11480201122048x2048jpg Organ Manwitharteriesstomach Skeleton Nervesartandmedgetty
typeofman.jfif,Typeofman
Copyofperisananatomy.jpg,Perisananatomy
31333801542366450849cb.jpg,31333801542366450849cb
3063890554498cba9d675b.jpg,3063890554498cba9d675b
3063890484484f860cebab.jpg,3063890484484f860cebab
acupuncturemodel17thcenturyartandmed.jpg,Acupuncturemodel17thcenturyartandmed
1.jpg,1
images.jpg,Images
19022809362301caravaggiojudithandholofernesjpggoiter.jpg,19022809362301caravaggiojudithandholofernesjpggoiter
SimoneBaschenisDanseMacabre1539Death2.jpg,Simone Baschenis Danse Macabre1539 Death2
244df19edfaf87ede70b1f2607b6098c.jpg,244df19edfaf87ede70b1f2607b6098c
unknownworksofartofmedicalconditions2.jpg,Unknownworksofartofmedicalconditions2
JanSteenTheDoctorsVisit16581662oilonpanel46X36-8cm.jpg,Jan Steen The Doctors Visit16581662oilonpanel46 X36-8cm
CopyofTheConvalescentinworkscited.jpg,The Convalescentinworkscited
CopyofHeleneSchjerfbeck18621946TheConvalescentToipilasKonvalescenten32721924996jpg1888.jpg,Helene Schjerfbeck18621946 The Convalescent Toipilas Konvalescenten32721924996jpg1888
unknownworksofartofmedicalconditions1895bookonrareconditions.jpg,Unknownworksofartofmedicalconditions1895bookonrareconditions
tumblrl20d54xvij1qa4s0qo11280vjpgjpgmangelo.jpg,Tumblrl20d54xvij1qa4s0qo11280vjpgjpgmangelo
download.jpg,Download
c8ac63d2171eee04123914dc0f9ba7a2renaissancepaintingsrenaissanceartists.jpg,C8ac63d2171eee04123914dc0f9ba7a2renaissancepaintingsrenaissanceartists
extractingthestoneofmadnessca1490flemishschooloilonpanel485cmxhieronymusboschc14501516canvasprint.jpg,Extractingthestoneofmadnessca1490flemishschooloilonpanel485cmxhieronymusboschc14501516canvasprint
ShusterMichelangelofig1.jpg,Shuster Michelangelofig1
b0b28ebee046a7a5176087dcb62fc87anatureillustrationbotanicalillustration.jpg,B0b28ebee046a7a5176087dcb62fc87anatureillustrationbotanicalillustration
AndrewWyethChristinasWorldnerveconditioninworkscited.jpg,Andrew Wyeth Christinas Worldnerveconditioninworkscited
a022drapedfigures748x1024jpgmangelo.jpg,A022drapedfigures748x1024jpgmangelo
charleseisenmann04.jpg,Charleseisenmann04
c1bebbf8a5bc4b6f1fe91cbc53db1550bobrosspaintingsartpaintings.jpg,C1bebbf8a5bc4b6f1fe91cbc53db1550bobrosspaintingsartpaintings
6fd59c06581b99f9b4ef59222b4fc7f8novembermornings.jpg,6fd59c06581b99f9b4ef59222b4fc7f8novembermornings
079c6472d2ae687d80894dfc32cb7e98giovannibattistadellarte.jpg,079c6472d2ae687d80894dfc32cb7e98giovannibattistadellarte
430fe83c9ffb2eab2bdc2a544b9eb2d2moonmooncommedia.jpg,430fe83c9ffb2eab2bdc2a544b9eb2d2moonmooncommedia
7c32334ebed1cfdccc19e459c086e27a.jpg,7c32334ebed1cfdccc19e459c086e27a
090783765c58034fde676358acfdee93ingressauguste.jpg,090783765c58034fde676358acfdee93ingressauguste
4ed61f08c1436edd46f8d5b39aedcff6jeanantoinewatteauplayingguitar.jpg,4ed61f08c1436edd46f8d5b39aedcff6jeanantoinewatteauplayingguitar
910ef22b4d60a95c2859e000fe96ecf5toledoohiomans.jpg,910ef22b4d60a95c2859e000fe96ecf5toledoohiomans
3masterofalkmaarthesevenactsofmercy1504.jpg,3masterofalkmaarthesevenactsofmercy1504
027637d04c4b28f04ff318264ddee117rabbitarttherabbit.jpg,027637d04c4b28f04ff318264ddee117rabbitarttherabbit
555.jpg,555
22aaba0f56f4ae0e54cb8d7b72e5bb61littlebrothersbandofbrothers.jpg,22aaba0f56f4ae0e54cb8d7b72e5bb61littlebrothersbandofbrothers
7681d321d2a690bbdf92e0f22b2a085f.jpg,7681d321d2a690bbdf92e0f22b2a085f
0b624e195ce10b47dfe6326279f32b09antiqueillustrationmedicalillustrationjpgunknowncondition.jpg,0b624e195ce10b47dfe6326279f32b09antiqueillustrationmedicalillustrationjpgunknowncondition
LUCIAN1.JPG,L U C I A N1
MarbletombstoneofanAthenianphysiciannamedJasonshownexaminingtheenlargedabdomenofachild2ndCEGreekRomanImperialmarble8001X55-88cm.jpg,Marbletombstoneofan Athenianphysiciannamed Jasonshownexaminingtheenlargedabdomenofachild2nd C E Greek Roman Imperialmarble8001 X55-88cm
NormanRockwellVisitsaCountryDoctor1947oiloncanvas152-5X81.jpg,Norman Rockwell Visitsa Country Doctor1947oiloncanvas152-5 X81
unknownworksofartofmedicalconditions.jpg,Unknownworksofartofmedicalconditions
ilfullxfull1348471425ekn3.webp,Ilfullxfull1348471425ekn3
Copyofdalton1868severeswellingofabdoman.jpg,Dalton1868severeswellingofabdoman
unknownworksofartofmedicalconditions3.jpg,Unknownworksofartofmedicalconditions3
CopyofStroke.jpg,Stroke
Copyofstroke3.png,Stroke3
MichelangeloDavidjugularvenousdistensionhighbloodpressure.jpg,Michelangelo Davidjugularvenousdistensionhighbloodpressure
scurvy.jfif,Scurvy
Skinindicatesmultitudeofdiseasesmelanomagravesothersneedtofindsource.jpg,Skinindicatesmultitudeofdiseasesmelanomagravesothersneedtofindsource
CopyofSeecaptionsinworkscited3.jpg,See captions in works cited 3
Copyofdaltondiseasedpenisandabdoman.jpg,Dalton diseased penis and abdoman
OmSep2018Fig1819.jpg,Om Sep2018 Fig1819
1415647130002s.jpg,1415647130002s
diseasedskin1858dalton.jpg,Diseasedskin1858dalton
DAltonRashofSores1858.jpg,Dalton Rashof Sores1858
Seecaptionsinworkscited4.jpg,Seecaptionsinworkscited4
Facenoseinparticularindicatesdiseaseneedtofindsource.jpg,Facenoseinparticularindicatesdiseaseneedtofindsource
Copyofdalton.jpg,Dalton
CopyofRembrandtvanRijnSelfPortraitlazyeyedisorderanddepressionotheragerelatedconditionsinworkscited.jpg,Rembrandt van Rijn Self Portraitlazyeyedisorderanddepressionotheragerelatedconditionsinworkscited
1415648471142.jpg,1415648471142
Copyofdaltondiseasedpenis.jpg,Dalton diseased penis
daltonartandmed74.jpg,Daltonartandmed74
CopyofWatercolourillustrationfromaJapaneseworkonsmallpoxentitledToshinseiyoneedtofindsource.jpg,Watercolourillustrationfroma Japaneseworkonsmallpoxentitled Toshinseiyoneedtofindsource
OmSep2018Fig1314768x764.jpg,Om Sep2018 Fig1314768x764
dalton11montholdwithdiseasedtissuearoundanusandgroin.jpg,Dalton11montholdwithdiseasedtissuearoundanusandgroin
Copyofdalton1856sores.jpg,Dalton1856sores
CopyofEFLambertandFCAnOldMaidsSkullPhrenologisedHunt1830.jpg,E F Lambertand F C An Old Maids Skull Phrenologised Hunt1830
SalvadorDalihysteriasnail.jpg,Salvador Dalihysteriasnail
cropped1888theladyofshalott.jpg,Cropped1888theladyofshalott
PaintingbyNilSaridepictingthetreatmentofinsanepatientsbymusicaltherapy.jpg,Paintingby Nil Saridepictingthetreatmentofinsanepatientsbymusicaltherapy