Filename,Classification,html
TheodoreGericaultPortraitofaKleptomaniac1822.jpg,Addiction Medicine,TheodoreGericaultPortraitofaKleptomaniac1822.html
TheodoreGericaultAWomanAddictedtoGambling1822oiloncanvas.jpg,Addiction Medicine,TheodoreGericaultAWomanAddictedtoGambling1822oiloncanvas.html
TheodoreGericaultPortaitofaWomanSufferingfromObsessiveEnvyTheHyena1822.jpg,Addiction Medicine,TheodoreGericaultPortaitofaWomanSufferingfromObsessiveEnvyTheHyena1822.html
29SantiagoRusinolMorphine1894.jpg,Addiction Medicine,29SantiagoRusinolMorphine1894.html
StredovekMiniaturefighterwithaswordandcrutch.jpg,Musculoskeletal,StredovekMiniaturefighterwithaswordandcrutch.html
64520891tamerlane624jpglegandhanddisabilityfrominjuries.jpg,Musculoskeletal,64520891tamerlane624jpglegandhanddisabilityfrominjuries.html
15PieterBruegeltheElderTheBeggars1568.jpg,Musculoskeletal,15PieterBruegeltheElderTheBeggars1568.html
dermatomyositisexperimentwithabirdJosephWrightofDeby1768.jpg,Musculoskeletal,dermatomyositisexperimentwithabirdJosephWrightofDeby1768.html
TheHolyGrailiscarriedtoSarrasJerusalamLaQuestedelSaintGraalFrance1316Notelamemancured.jpg,Musculoskeletal,TheHolyGrailiscarriedtoSarrasJerusalamLaQuestedelSaintGraalFrance1316Notelamemancured.html
7GeorgeGroszGrayDayStateFunctionaryfortheWarWounded1921Berlin.jpg,Musculoskeletal,7GeorgeGroszGrayDayStateFunctionaryfortheWarWounded1921Berlin.html
16HieronymusBoschTheProcessionofCripples1903.jpg,Musculoskeletal,16HieronymusBoschTheProcessionofCripples1903.html
SirCharlesBellVoultzKingsGermanLegion1836fromoriginalsketchmadeJuly11815.jpg,Musculoskeletal,SirCharlesBellVoultzKingsGermanLegion1836fromoriginalsketchmadeJuly11815.html
FranciscoGoyaBeggarsWhoGetaboutonTheirOwninBordeaux18247.jpg,Musculoskeletal,FranciscoGoyaBeggarsWhoGetaboutonTheirOwninBordeaux18247.html
CopyofMedievalcrutchesJuly18HermannofReichenau10131054.jpg,Musculoskeletal,CopyofMedievalcrutchesJuly18HermannofReichenau10131054.html
CopyofPeterPaulRubens17thcenturyallegoricalaltarpieceTheMiraclesofSaintFrancisXavierHealinVictimsofthePlague.jpg,Musculoskeletal,CopyofPeterPaulRubens17thcenturyallegoricalaltarpieceTheMiraclesofSaintFrancisXavierHealinVictimsofthePlague.html
Royal13BVIIIfol30vAcrippledman680x662.jpg,Musculoskeletal,Royal13BVIIIfol30vAcrippledman680x662.html
CopyofRembrandtvanRijnPeterandJohnHealingtheCrippleattheGateoftheTemple1659needtofindsource.jpg,Musculoskeletal,CopyofRembrandtvanRijnPeterandJohnHealingtheCrippleattheGateoftheTemple1659needtofindsource.html
CopyofLuttrellPsalter1325ManwithCrutches.jpg,Musculoskeletal,CopyofLuttrellPsalter1325ManwithCrutches.html
BarbersintheTombofUserhatAmenhotepII14381312BC.jpg,Pharmacology- Therapeutics,BarbersintheTombofUserhatAmenhotepII14381312BC.html
APharmacyc1700FrenchWellcomeLibraryLondon545x1024.jpg,Pharmacology- Therapeutics,APharmacyc1700FrenchWellcomeLibraryLondon545x1024.html
ImaginarydebatebetweenAverroesandPorphyry14thcenturyMonfredodeMonteImperialiLiberdeherbis.jfif,Pharmacology- Therapeutics,ImaginarydebatebetweenAverroesandPorphyry14thcenturyMonfredodeMonteImperialiLiberdeherbis.html
MatthijsNaiveuAFemalePatientSeatedWhilstOnePhysicianTakesherPulseandaSurgeonBleedsherFoot1700.jpg,Pharmacology- Therapeutics,MatthijsNaiveuAFemalePatientSeatedWhilstOnePhysicianTakesherPulseandaSurgeonBleedsherFoot1700.html
ArtistUnknownBloodlettingPointsandMoxaPointsontheHumanBody.jpg,Pharmacology- Therapeutics,ArtistUnknownBloodlettingPointsandMoxaPointsontheHumanBody.html
AchillesBandagingPatrocluscupSosiasPainterPhotographbyMariaDanielscourtesyoftheStaatlicheMuseenzuBerlin.jpg,Pharmacology- Therapeutics,AchillesBandagingPatrocluscupSosiasPainterPhotographbyMariaDanielscourtesyoftheStaatlicheMuseenzuBerlin.html
19thcenturymedicalsyringesPharmacyMuseumNewOrleans.jpg,Pharmacology- Therapeutics,19thcenturymedicalsyringesPharmacyMuseumNewOrleans.html
AlexandreMarieColinLithographybyLanglumePublishedbyAmbroiseTardieuLaMigraineVaporsAlbumcomiquedepathologiepittoresque1823.jpg,Pharmacology- Therapeutics,AlexandreMarieColinLithographybyLanglumePublishedbyAmbroiseTardieuLaMigraineVaporsAlbumcomiquedepathologiepittoresque1823.html
ArtistUnknownChineseAcupunctureCharts18thcentury1.jpeg,Pharmacology- Therapeutics,ArtistUnknownChineseAcupunctureCharts18thcentury1.html
38VinventvanGoghWardofArlesHospital1889Hospitalpg158.jpg,Pharmacology- Therapeutics,38VinventvanGoghWardofArlesHospital1889Hospitalpg158.html
37AlessandroMagnascoTheEntrancetoaHospital17039Hospitalpg157.jpg,Pharmacology- Therapeutics,37AlessandroMagnascoTheEntrancetoaHospital17039Hospitalpg157.html
6masacciosaintpeterhealingthesickwithhisshadow142526.jpg,Pharmacology- Therapeutics,6masacciosaintpeterhealingthesickwithhisshadow142526.html
AnExtractofPlantandAnimalMateriaMedicaartistunknownfromSmanblaidgongsrgyanrgudbzhiinanggikhrungsdperezhig18thcentury.jpg,Pharmacology- Therapeutics,AnExtractofPlantandAnimalMateriaMedicaartistunknownfromSmanblaidgongsrgyanrgudbzhiinanggikhrungsdperezhig18thcentury.html
WorrellMakerofStrongMedicineContemporary.jpg,Pharmacology- Therapeutics,WorrellMakerofStrongMedicineContemporary.html
GerritLundensASurgeonApplyingMedicinetoaWoundintheShoulderofaManinPain1649.jpg,Pharmacology- Therapeutics,GerritLundensASurgeonApplyingMedicinetoaWoundintheShoulderofaManinPain1649.html
AncientEgyptianMedicineEgypt.jpg,Pharmacology- Therapeutics,AncientEgyptianMedicineEgypt.html
ArabischerMalerdesKrauterbuchsdesDioskurides004jpgFoliofromanArabicmanuscriptofDioscoridesDemateriamedica1229.jpg,Pharmacology- Therapeutics,ArabischerMalerdesKrauterbuchsdesDioskurides004jpgFoliofromanArabicmanuscriptofDioscoridesDemateriamedica1229.html
AngelicaartistunknownfromKruidBoekgetrokkenuytDodeneaus19thcentury.jpg,Pharmacology- Therapeutics,AngelicaartistunknownfromKruidBoekgetrokkenuytDodeneaus19thcentury.html
A19thcenturybusinesscardforacompanythatprovidedcuppingandleechingservicesinPittsburghPennsylvania.jpg,Pharmacology- Therapeutics,A19thcenturybusinesscardforacompanythatprovidedcuppingandleechingservicesinPittsburghPennsylvania.html
QuinidineCrystalsSpikeWalker2006artofmedbook.jpg,Pharmacology- Therapeutics,QuinidineCrystalsSpikeWalker2006artofmedbook.html
5BacciodelBiancoHumorousAllegoryofMedicine1623.jpg,Pharmacology- Therapeutics,5BacciodelBiancoHumorousAllegoryofMedicine1623.html
ArtistUnknownMalayanBlackMagicilmuSihir19thcentury.jpg,Pharmacology- Therapeutics,ArtistUnknownMalayanBlackMagicilmuSihir19thcentury.html
33SirLawrenceAlmaTademaTheNurse1872Nursingpg147.jpg,Pharmacology- Therapeutics,33SirLawrenceAlmaTademaTheNurse1872Nursingpg147.html
31SantiBuglioniSevenWorksofMercydetail1525Charitypg141.jpg,Pharmacology- Therapeutics,31SantiBuglioniSevenWorksofMercydetail1525Charitypg141.html
43ErnestBoardAlbucasisBlisteringaPatientintheHospitalatCordovalate19thearly20thcenturyMedicalSchoolpg191.jpg,Pharmacology- Therapeutics,43ErnestBoardAlbucasisBlisteringaPatientintheHospitalatCordovalate19thearly20thcenturyMedicalSchoolpg191.html
JacobToorenvlitASurgeonBindingupaWomansArmafterBloodletting1666.jpg,Pharmacology- Therapeutics,JacobToorenvlitASurgeonBindingupaWomansArmafterBloodletting1666.html
AryballoswithBloodlettingSceneLouvrevaseearlyClassicalca480bc.jpg,Pharmacology- Therapeutics,AryballoswithBloodlettingSceneLouvrevaseearlyClassicalca480bc.html
KeirCollectionBaghdadSholarsdiscussmedicinalcure.jpeg,Pharmacology- Therapeutics,KeirCollectionBaghdadSholarsdiscussmedicinalcure.html
41GustavKlimtMedicine1907Medicinepg175.jpg,Pharmacology- Therapeutics,41GustavKlimtMedicine1907Medicinepg175.html
AchillesBandagingPatroklos.gif,Pharmacology- Therapeutics,AchillesBandagingPatroklos.html
ZhouPeiQunAPatientReceivingManipulatingTreatmentforaPainintheShoulder1890.jpg,Pharmacology- Therapeutics,ZhouPeiQunAPatientReceivingManipulatingTreatmentforaPainintheShoulder1890.html
306389068240afa3f480do.jpg,Pharmacology- Therapeutics,306389068240afa3f480do.html
PunchHealthDoctorsCartoons1911.jpg,Pharmacology- Therapeutics,PunchHealthDoctorsCartoons1911.html
LouisLeopoldBoileyAVaccinatorVaccinatingaYoungChild18071.jpg,Pharmacology- Therapeutics,LouisLeopoldBoileyAVaccinatorVaccinatingaYoungChild18071.html
44RobertHannahWilliamHarveyDemonstratingtoCharlesIHisTheoryoftheCirculationoftheBlood1848ExperimentalMethodpg193.jpg,Pharmacology- Therapeutics,44RobertHannahWilliamHarveyDemonstratingtoCharlesIHisTheoryoftheCirculationoftheBlood1848ExperimentalMethodpg193.html
LeishmaniasisSurvivorEffigyVesselPeruSouthAmericaMocheDATE1650CE.jpeg,Pharmacology- Therapeutics,LeishmaniasisSurvivorEffigyVesselPeruSouthAmericaMocheDATE1650CE.html
FridaKahloTheBrokenColumn1944.jpg,Pharmacology- Therapeutics,FridaKahloTheBrokenColumn1944.html
AspirinCrystalsAnnieCavanaghandDavidMcCarthy2006artofmedbook.jpg,Pharmacology- Therapeutics,AspirinCrystalsAnnieCavanaghandDavidMcCarthy2006artofmedbook.html
SodaFountainElixirAntiquesodafountainusedtodispenseelixirs.jpg,Pharmacology- Therapeutics,SodaFountainElixirAntiquesodafountainusedtodispenseelixirs.html
OneoftheoldestexistingcopiesofTheCanonofMedicinebyAvicennac1030.jpg,Pharmacology- Therapeutics,OneoftheoldestexistingcopiesofTheCanonofMedicinebyAvicennac1030.html
PaultheHermitfromtheIsenheimAltarpiecebyMathiasGrunewald.jpeg,Pharmacology- Therapeutics,PaultheHermitfromtheIsenheimAltarpiecebyMathiasGrunewald.html
MosquitoNetsSargent.jpg,Pharmacology- Therapeutics,MosquitoNetsSargent.html
InscribedpestleandmortarforgrindingdrugsKhrusanlate12thorearly13thcentury.jpg,Pharmacology- Therapeutics,InscribedpestleandmortarforgrindingdrugsKhrusanlate12thorearly13thcentury.html
IapyxtendsAeneasPompeiiwallpaintingc1stcADHouseofSiricus.jfif,Pharmacology- Therapeutics,IapyxtendsAeneasPompeiiwallpaintingc1stcADHouseofSiricus.html
34JerryBarrettFlorenceNightingaleRecivingtheWoundedatScrutarica1856Nursingpg14849.jpg,Pharmacology- Therapeutics,34JerryBarrettFlorenceNightingaleRecivingtheWoundedatScrutarica1856Nursingpg14849.html
GerritDouTheDropsicalWoman.jpg,Pharmacology- Therapeutics,GerritDouTheDropsicalWoman.html
ErnestBoardDioscoridesdescribingthemandrake1909.jpg,Pharmacology- Therapeutics,ErnestBoardDioscoridesdescribingthemandrake1909.html
DictionaryGlossofPhrenologywithaccompanyingillustrations1900.jpg,Neurology,DictionaryGlossofPhrenologywithaccompanyingillustrations1900.html
PaulRegnardAttaqueHysteroEpileptiqueArcDeCercle1880CourtesyoftheHarveyCushingJohnHayWhitneyMedicalLibrary.jpg,Neurology,PaulRegnardAttaqueHysteroEpileptiqueArcDeCercle1880CourtesyoftheHarveyCushingJohnHayWhitneyMedicalLibrary.html
WilliamHogarthTheMadhousefromTheRakesProgress1735.jpg,Neurology,WilliamHogarthTheMadhousefromTheRakesProgress1735.html
HubertAiryDepictionofScotomasTransientHomiopsiaRoyalSocietyofLondon1870.jpg,Neurology,HubertAiryDepictionofScotomasTransientHomiopsiaRoyalSocietyofLondon1870.html
PieterJanszQuastAnItinerantSurgeonExtractingStonesfromaMansHeadbefore1647.jpg,Neurology,PieterJanszQuastAnItinerantSurgeonExtractingStonesfromaMansHeadbefore1647.html
FranciscoGoyaBeggar.jpg,Neurology,FranciscoGoyaBeggar.html
ArtistUnknwonPhrenologicalHeadsfromElementsofPhrenologybyGeorgeCombe1824.jpg,Neurology,ArtistUnknwonPhrenologicalHeadsfromElementsofPhrenologybyGeorgeCombe1824.html
CopyofSeecaptionsinworkscited.jpg,Neurology,CopyofSeecaptionsinworkscited.html
JeanJacquesGrandvilleSanstitreNotitleHFaumierandCie19thcentury.jpg,Neurology,JeanJacquesGrandvilleSanstitreNotitleHFaumierandCie19thcentury.html
DepictionofscotomasHubertAiryOnadistinctformofTransientHemiopsiaRoyalSocietyofLondon1870.jpg,Neurology,DepictionofscotomasHubertAiryOnadistinctformofTransientHemiopsiaRoyalSocietyofLondon1870.html
HomomonstrosusorPatagoniangiantsfromVoyageaupolesudetdanslOceanie.jpg,Neurology,HomomonstrosusorPatagoniangiantsfromVoyageaupolesudetdanslOceanie.html
SamuelGeorgeMortonDifferencesSkulls1839.png,Neurology,SamuelGeorgeMortonDifferencesSkulls1839.html
AliceinWonderlandSymdrome.jpg,Neurology,AliceinWonderlandSymdrome.html
JanSandersvanHemessenTheSurgeonExtractingtheStoneofMadness1550.jpg,Neurology,JanSandersvanHemessenTheSurgeonExtractingtheStoneofMadness1550.html
MichelangeloCreationofAdamSistineChapel15081512HumanBrain.jpg,Neurology,MichelangeloCreationofAdamSistineChapel15081512HumanBrain.html
stroke6.png,Neurology,stroke6.html
GinsleASurgeoninhisWorkroomExtractingStonesfromaMansHead1806.jpg,Neurology,GinsleASurgeoninhisWorkroomExtractingStonesfromaMansHead1806.html
PaulMarieLouisPierreRicherStatuetteofanoldwomanwithParkinsonsdisease1895MeisterDrucke.jpg,Neurology,PaulMarieLouisPierreRicherStatuetteofanoldwomanwithParkinsonsdisease1895MeisterDrucke.html
AndyPittsZombiePhrenologyparodyingtheoutdatedscienceofphrenology.jpg,Neurology,AndyPittsZombiePhrenologyparodyingtheoutdatedscienceofphrenology.html
HieronymusBoschTheExtractionoftheStoneofMadnessTheCureofFolly1494.jpg,Neurology,HieronymusBoschTheExtractionoftheStoneofMadnessTheCureofFolly1494.html
LifeofStCuthbertBookHealschildandblindmanDurham1200.jpg,Neurology,LifeofStCuthbertBookHealschildandblindmanDurham1200.html
AlexandreMarieColinLithographybyLanglumePublishedbyAmbroiseTardieuVaporsAlbumcomiquedepathologiepittoresquecollectionoftwentymedicalconditions1823.jpg,Neurology,AlexandreMarieColinLithographybyLanglumePublishedbyAmbroiseTardieuVaporsAlbumcomiquedepathologiepittoresquecollectionoftwentymedicalconditions1823.html
PhrenologyDiagraminthePeoplesCyclopediaofUniversalKnowledge1883ImagefromWikimediaCommons.jpg,Neurology,PhrenologyDiagraminthePeoplesCyclopediaofUniversalKnowledge1883ImagefromWikimediaCommons.html
IllustrationfromTypesofMankind1854whoseauthorsJosiahClarkNottandGeorgeRobinsGliddon.jpg,Neurology,IllustrationfromTypesofMankind1854whoseauthorsJosiahClarkNottandGeorgeRobinsGliddon.html
AndrewWyethChristinasWorld1948oiloncanvasMuseumofModernArtTemperaUnknownconditioninabilitytowalkpossiblyCharcotMarieToothDisease.jpg,Neurology,AndrewWyethChristinasWorld1948oiloncanvasMuseumofModernArtTemperaUnknownconditioninabilitytowalkpossiblyCharcotMarieToothDisease.html
BRBIIISLASFacultySeminarUntilDarwin.jpg,Neurology,BRBIIISLASFacultySeminarUntilDarwin.html
WilliamUtermohlenHead2000Dementia1.jpg,Neurology,WilliamUtermohlenHead2000Dementia1.html
AncientEgyptianMedicineEgypt.jpg,Neurology,AncientEgyptianMedicineEgypt.html
WilliamUtermohlenHead2000Dementia.jpg,Neurology,WilliamUtermohlenHead2000Dementia.html
MichelangeloCreationofAdamSistineChapel15081512jpg.jpg,Neurology,MichelangeloCreationofAdamSistineChapel15081512jpg.html
MichaelangeloSeparationofLightfromDarknessSistineChapel15091512TheHumanBrain.png,Neurology,MichaelangeloSeparationofLightfromDarknessSistineChapel15091512TheHumanBrain.html
17thCenturyBrainScancloseupMadnessLeMedecinguerissantPhantasieAKAA17thCenturyBrainScan.jfif,Neurology,17thCenturyBrainScancloseupMadnessLeMedecinguerissantPhantasieAKAA17thCenturyBrainScan.html
Copyof5Varieties.jpg,Neurology,Copyof5Varieties.html
LeonardodiVinciMonaLisa15031519neurofakesmile.jpg,Neurology,LeonardodiVinciMonaLisa15031519neurofakesmile.html
GeorgeBernardMedievalArtofaHeartAttackorStrokeVictim.jpg,Neurology,GeorgeBernardMedievalArtofaHeartAttackorStrokeVictim.html
9Figure41.png,Neurology,9Figure41.html
HonoreDaumierLemaldeteteTheHeadache.jpg,Neurology,HonoreDaumierLemaldeteteTheHeadache.html
AlexandreMarieColinLithographybyLanglumePublishedbyAmbroiseTardieuLaMigraineVaporsAlbumcomiquedepathologiepittoresque1823jpg.jpg,Neurology,AlexandreMarieColinLithographybyLanglumePublishedbyAmbroiseTardieuLaMigraineVaporsAlbumcomiquedepathologiepittoresque1823jpg.html
MichelangeloCreationofAdamSistineChapel15081512outlineofhumanbrain.jpg,Neurology,MichelangeloCreationofAdamSistineChapel15081512outlineofhumanbrain.html
download1.png,Infectious Diseases,download1.html
SantaIsabeldeHungriacurandotinososjpgTineacapitis.jpg,Infectious Diseases,SantaIsabeldeHungriacurandotinososjpgTineacapitis.html
EdvardMunchSelfPortraitwiththeSpanishFlu.jpg,Infectious Diseases,EdvardMunchSelfPortraitwiththeSpanishFlu.html
arnoldbocklinThePlague.jpg,Infectious Diseases,arnoldbocklinThePlague.html
salvatorrosathefrailtyofhumanlife1656plagueart.jpg,Infectious Diseases,salvatorrosathefrailtyofhumanlife1656plagueart.html
CarelessofCholeraTheNewOrleansOutbreakof1848.jpg,Infectious Diseases,CarelessofCholeraTheNewOrleansOutbreakof1848.html
IsenheimAltarpieceGrunwaldChristDetail.jpg,Infectious Diseases,IsenheimAltarpieceGrunwaldChristDetail.html
Copyofdalton1857diseasedtissuefemalegenitalia.jpg,Infectious Diseases,Copyofdalton1857diseasedtissuefemalegenitalia.html
CopyofSeecaptionsinworkscited2.jpg,Infectious Diseases,CopyofSeecaptionsinworkscited2.html
19thcenturymedicalillustration.jpg,Infectious Diseases,19thcenturymedicalillustration.html
TBinHarlemAliceNeel1940.jpg,Infectious Diseases,TBinHarlemAliceNeel1940.html
MarseilleOutbreakofPandemic1720.png,Infectious Diseases,MarseilleOutbreakofPandemic1720.html
CopyofMedievalEnglandtheleprechauntheblindthedumbthedeafthenaturalfoolthecripplethelameandthelunaticwereahighlyvisiblepresenceineverydaylifewillinworkscited.jpg,Infectious Diseases,CopyofMedievalEnglandtheleprechauntheblindthedumbthedeafthenaturalfoolthecripplethelameandthelunaticwereahighlyvisiblepresenceineverydaylifewillinworkscited.html
BacMeningitis.jpg,Infectious Diseases,BacMeningitis.html
opisthotonoshiresversiongiftetnus.gif,Infectious Diseases,opisthotonoshiresversiongiftetnus.html
YellowFever1793.jpg,Infectious Diseases,YellowFever1793.html
OmSep2018Fig78768x468.jpg,Infectious Diseases,OmSep2018Fig78768x468.html
1919Munchselfportraitwithspanishflu.jpg,Infectious Diseases,1919Munchselfportraitwithspanishflu.html
OmSep2018Fig14731x1024.jpg,Infectious Diseases,OmSep2018Fig14731x1024.html
BrozinoAllergoryofVenus.jpg,Infectious Diseases,BrozinoAllergoryofVenus.html
PestbuchamedicaltreatiseontheplagueandhowtotreatitaplaguevictimshowsthreephysiciansthebuboinhisarmpitItwascreatedaround1500byasurgeonnamedHieronymusBrunschwiginworkscited.jpg,Infectious Diseases,PestbuchamedicaltreatiseontheplagueandhowtotreatitaplaguevictimshowsthreephysiciansthebuboinhisarmpitItwascreatedaround1500byasurgeonnamedHieronymusBrunschwiginworkscited.html
14thcenturyencyclopediacalledtheOmneBonumshowsapriestgivinginstructionstopeoplewithleprosy.jpg,Infectious Diseases,14thcenturyencyclopediacalledtheOmneBonumshowsapriestgivinginstructionstopeoplewithleprosy.html
schielethefamilyspanishflu.jpg,Infectious Diseases,schielethefamilyspanishflu.html
CopyofJamesGilrayPunchCurestheGouttheColicandtheTisick1799.jpg,Infectious Diseases,CopyofJamesGilrayPunchCurestheGouttheColicandtheTisick1799.html
Cholera.jpg,Infectious Diseases,Cholera.html
19AntonioGiarolaVeronaSuppliantattheFeetoftheTrinity1630Plaguepg110.jpg,Infectious Diseases,19AntonioGiarolaVeronaSuppliantattheFeetoftheTrinity1630Plaguepg110.html
This18thdynastypaneldepictsapoliosuffererWikimedia.avif,Infectious Diseases,This18thdynastypaneldepictsapoliosuffererWikimedia.html
20GaetanoGiulioZumboThePlague17thCenturyPlaguepg112.jpeg,Infectious Diseases,20GaetanoGiulioZumboThePlague17thCenturyPlaguepg112.html
CopyofCopyofCopyofCopyofWoodblockprintfromGermanyinthelate15thcenturyismeanttoshowdoctorshowtolanceabuboinworkscited.jpg,Infectious Diseases,CopyofCopyofCopyofCopyofWoodblockprintfromGermanyinthelate15thcenturyismeanttoshowdoctorshowtolanceabuboinworkscited.html
oedipusandantigoneortheplagueofthebescharlesfrancoisjalabert.jpg,Infectious Diseases,oedipusandantigoneortheplagueofthebescharlesfrancoisjalabert.html
JamesGilrayTheCowPockortheWonderfulEffectsoftheNewInoculation1802.jpg,Infectious Diseases,JamesGilrayTheCowPockortheWonderfulEffectsoftheNewInoculation1802.html
IsenheimAltarpiecegrunwaldchristdetail2.jpg,Infectious Diseases,IsenheimAltarpiecegrunwaldchristdetail2.html
EgyptianstelethoughttorepresentapoliovictimRumathePriestatthesanctuaryofAstarteinMemphis18thDynasty14031365BC.jpg,Infectious Diseases,EgyptianstelethoughttorepresentapoliovictimRumathePriestatthesanctuaryofAstarteinMemphis18thDynasty14031365BC.html
Strep.jpg,Infectious Diseases,Strep.html
AlonReiningerAmericanbornTelAvivIsraelb1947.jpg,Infectious Diseases,AlonReiningerAmericanbornTelAvivIsraelb1947.html
1340ADPlagueBurningofJewsAccusedofCausingOutbreak.jpg,Infectious Diseases,1340ADPlagueBurningofJewsAccusedofCausingOutbreak.html
ArtblogEdwardMunchSelfPortraitwithSpanishFlu800x656jpg1919.jpg,Infectious Diseases,ArtblogEdwardMunchSelfPortraitwithSpanishFlu800x656jpg1919.html
16VincventdeBeauvaisTheLepermid14thcenturyLeprosypg102.jpeg,Infectious Diseases,16VincventdeBeauvaisTheLepermid14thcenturyLeprosypg102.html
breughelTheTriumphofDeathplaguepaintings.jpg,Infectious Diseases,breughelTheTriumphofDeathplaguepaintings.html
JOHNSINGERSARGENTINTERIOROFAHOSPITALTENTWATERCOLORONPAPER1918.jpg,Infectious Diseases,JOHNSINGERSARGENTINTERIOROFAHOSPITALTENTWATERCOLORONPAPER1918.html
UnknownArtistDracunculiasisGuineaWormDiseaseinworkscited.jpg,Infectious Diseases,UnknownArtistDracunculiasisGuineaWormDiseaseinworkscited.html
DortheaLangeChildofMigrantFamilySufferingfromTuberculosisoftheBoneCalifornia.jpg,Infectious Diseases,DortheaLangeChildofMigrantFamilySufferingfromTuberculosisoftheBoneCalifornia.html
17MatthiasGrunewaldTheTemptationofSaintAnthonyLeprosypg105.jpg,Infectious Diseases,17MatthiasGrunewaldTheTemptationofSaintAnthonyLeprosypg105.html
OmSep2018Fig56768x992.jpg,Infectious Diseases,OmSep2018Fig56768x992.html
18TintorettoSaintRochHealingPlagueVictims1549Plaguepg108.jpg,Infectious Diseases,18TintorettoSaintRochHealingPlagueVictims1549Plaguepg108.html
ArrtblogEgonSchieleKauerndesMenschenpaarTheFamily800x756jpg1918spanishflu.jpg,Infectious Diseases,ArrtblogEgonSchieleKauerndesMenschenpaarTheFamily800x756jpg1918spanishflu.html
15thcenturyBibledepictionofacouplesufferingfromtheblistersofbubonicplague.jpg,Infectious Diseases,15thcenturyBibledepictionofacouplesufferingfromtheblistersofbubonicplague.html
josseLieferinxeplaguepainting.jpg,Infectious Diseases,josseLieferinxeplaguepainting.html
WilliamCheseldengivingananatomicaldemonstrationattheanatomytheatreoftheBarberSurgeonsCompanyc17301740.jpg,Anatomy,WilliamCheseldengivingananatomicaldemonstrationattheanatomytheatreoftheBarberSurgeonsCompanyc17301740.html
800pxTheBlueBerylAnatomyVulnerablePoints.jpg,Anatomy,800pxTheBlueBerylAnatomyVulnerablePoints.html
LauraFergusonrecliningfiguresIllustrationfromtheartistsvisibleskeletonseriesUsedwithpermissionoftheartistcontemporary.jpg,Anatomy,LauraFergusonrecliningfiguresIllustrationfromtheartistsvisibleskeletonseriesUsedwithpermissionoftheartistcontemporary.html
CopyofJapaneseManuscript4pngPagefromJapaneseflapanatomyshowingtheanatomyofabluedemonatrightwithseveralorgansexposed.png,Anatomy,CopyofJapaneseManuscript4pngPagefromJapaneseflapanatomyshowingtheanatomyofabluedemonatrightwithseveralorgansexposed.html
FacialmusclesJacquesFabienGautierdAgoty.jpg,Anatomy,FacialmusclesJacquesFabienGautierdAgoty.html
FasciaisthegreatignoredorganofthehumanbodyFasciaisagossamerthinyetstrongandimperviousconnectivetissuethatwrapseverymuscleboneandorgan.jpg,Anatomy,FasciaisthegreatignoredorganofthehumanbodyFasciaisagossamerthinyetstrongandimperviousconnectivetissuethatwrapseverymuscleboneandorgan.html
800pxTheAyurvedicManc18thcenturyWellcomeL0017592.jpg,Anatomy,800pxTheAyurvedicManc18thcenturyWellcomeL0017592.html
JacopoBerengariodaCarpi1535woodcut.jpg,Anatomy,JacopoBerengariodaCarpi1535woodcut.html
ElhombrecomopalacioindustrialManasaPalaceofIndustryFritzKahn188819681930artofmedbook.jpg,Anatomy,ElhombrecomopalacioindustrialManasaPalaceofIndustryFritzKahn188819681930artofmedbook.html
701pxAnathomia51vMusclemaninredandblackfrontviewWellcomeL0045191.jpg,Anatomy,701pxAnathomia51vMusclemaninredandblackfrontviewWellcomeL0045191.html
AnanatomistmakinganincisionfromtheneckthroughtheupperribsofaskeletalcadaverHestandsbehindthecadaver.jpg,Anatomy,AnanatomistmakinganincisionfromtheneckthroughtheupperribsofaskeletalcadaverHestandsbehindthecadaver.html
AfemaleflapanatomyfugitivesheetwithlayeredflapsliftedtorevealtheanatomyofthethoraxandabdomenPhotographofanengraving1683.jpg,Anatomy,AfemaleflapanatomyfugitivesheetwithlayeredflapsliftedtorevealtheanatomyofthethoraxandabdomenPhotographofanengraving1683.html
Copyofoct19newprints00022foressay.jpg,Anatomy,Copyofoct19newprints00022foressay.html
800pxAnatomiadelcorpohumano.jpg,Anatomy,800pxAnatomiadelcorpohumano.html
twinsinthewomb.jpg,Anatomy,twinsinthewomb.html
perettedissection1904.jpg,Anatomy,perettedissection1904.html
A027SeatedMale786x1024jpgmichelangelo.jpg,Anatomy,A027SeatedMale786x1024jpgmichelangelo.html
BartholomewFig2Prato.jpg,Anatomy,BartholomewFig2Prato.html
67902.jpg,Anatomy,67902.html
HobbesonOpticNerveAdrawingoftheconnectionoftheeyeandthebrainpartofThomasHobbesstreatiseonoptics1646LondonBritishLibrary.jpg,Anatomy,HobbesonOpticNerveAdrawingoftheconnectionoftheeyeandthebrainpartofThomasHobbesstreatiseonoptics1646LondonBritishLibrary.html
artofmedicine5jpgDay711TheDailyStreamofConsciousnessBobbyBaker2008.jpg,Anatomy,artofmedicine5jpgDay711TheDailyStreamofConsciousnessBobbyBaker2008.html
leonardoanatomist2.jpg,Anatomy,leonardoanatomist2.html
gautierdagotymedinart17452.jpg,Anatomy,gautierdagotymedinart17452.html
WhattheOldMastersknewaboutAnatomyLeonardohumananatomy.jpg,Anatomy,WhattheOldMastersknewaboutAnatomyLeonardohumananatomy.html
anatomicalfigureshowingtheQichannels18001920artandmed26.jpg,Anatomy,anatomicalfigureshowingtheQichannels18001920artandmed26.html
OrganManwithArteriestheStomachandInternalOrgansartistunknownfromTheApocalypsec14201430artofmedbook.jpg,Anatomy,OrganManwithArteriestheStomachandInternalOrgansartistunknownfromTheApocalypsec14201430artofmedbook.html
67903.jpg,Anatomy,67903.html
45MichielandPietervanMiereveltAnatomyLessonofDrWillemvanderMeer1617Anatomypg194.jpg,Anatomy,45MichielandPietervanMiereveltAnatomyLessonofDrWillemvanderMeer1617Anatomypg194.html
1280pxOMestre1914CarlosBonvalot.png,Anatomy,1280pxOMestre1914CarlosBonvalot.html
306422886348d092b59f8o.jpg,Anatomy,306422886348d092b59f8o.html
LauraFergusongoldblackskeleton2ImagefromtheartistsdrawingfrommedicalimagesseriesUsedwithpermissionoftheartist.jpg,Anatomy,LauraFergusongoldblackskeleton2ImagefromtheartistsdrawingfrommedicalimagesseriesUsedwithpermissionoftheartist.html
800pxWoodcutofanatomicaldissectionWellcomeM0011499.jpg,Anatomy,800pxWoodcutofanatomicaldissectionWellcomeM0011499.html
leonardoanatomist1.jpg,Anatomy,leonardoanatomist1.html
Cruelty4JPGhogarth1751.JPG,Anatomy,Cruelty4JPGhogarth1751.html
BartholomewFig9Hirst.jpg,Anatomy,BartholomewFig9Hirst.html
ArtistUnknownWoundManfromtheArzneibuch1675.jpg,Anatomy,ArtistUnknownWoundManfromtheArzneibuch1675.html
3063890644434d6a68e47o.jpg,Anatomy,3063890644434d6a68e47o.html
BartholomewFig3Giovanni.jpg,Anatomy,BartholomewFig3Giovanni.html
AnatomicalMaleFigureShowingHeartLungsandMainArteriesjpgdavinci.jpg,Anatomy,AnatomicalMaleFigureShowingHeartLungsandMainArteriesjpgdavinci.html
gettyimages11480201122048x2048jpgOrganManwitharteriesstomachSkeletonNervesartandmedgetty.jpg,Anatomy,gettyimages11480201122048x2048jpgOrganManwitharteriesstomachSkeletonNervesartandmedgetty.html
typeofman.jfif,Anatomy,typeofman.html
IllustrationbyAndreasVesaliusVesaliusDeHumaniCorporisFabricaLibriSeptemBaselJohannesOporinus1555.jpg,Anatomy,IllustrationbyAndreasVesaliusVesaliusDeHumaniCorporisFabricaLibriSeptemBaselJohannesOporinus1555.html
JapaneseManuscript2pngDetailoftheflapsoftheanteriorviewpulledbacktorevealtheskeleton.png,Anatomy,JapaneseManuscript2pngDetailoftheflapsoftheanteriorviewpulledbacktorevealtheskeleton.html
WhattheOldMastersknewaboutAnatomyMichelangelo980x1321.jpg,Anatomy,WhattheOldMastersknewaboutAnatomyMichelangelo980x1321.html
111318105ArtHistoryMedicineIndiaAnatomyjpgZodiacmanartandmedbook1.jpg,Anatomy,111318105ArtHistoryMedicineIndiaAnatomyjpgZodiacmanartandmedbook1.html
Copyofperisananatomy.jpg,Anatomy,Copyofperisananatomy.html
gettyimages11480201052048x2048jpgOrganManwitharteriesstomachSkeletonNervesOrganManartandmed.jpg,Anatomy,gettyimages11480201052048x2048jpgOrganManwitharteriesstomachSkeletonNervesOrganManartandmed.html
31333801542366450849cb.jpg,Anatomy,31333801542366450849cb.html
Anannotatedfemaleacupuncturemodelwithpressurepointholesalloverthebodycharactersforeachpointwritteninblack.jpg,Anatomy,Anannotatedfemaleacupuncturemodelwithpressurepointholesalloverthebodycharactersforeachpointwritteninblack.html
TwodissectedmenwithaseparatesectionofvisceraJacquesFabienGautierDAgoty17171785WellcomeLibraryLondon.jpg,Anatomy,TwodissectedmenwithaseparatesectionofvisceraJacquesFabienGautierDAgoty17171785WellcomeLibraryLondon.html
Armillustrationfromanatomiedugladiateu.jpg,Anatomy,Armillustrationfromanatomiedugladiateu.html
674pxIvoryanatomicalfigureJapan18001920WellcomeL0058716.jpg,Anatomy,674pxIvoryanatomicalfigureJapan18001920WellcomeL0058716.html
WhattheOldMastersknewaboutAnatomyLeonardoanatomy980x824.jpg,Anatomy,WhattheOldMastersknewaboutAnatomyLeonardoanatomy980x824.html
AnatomiaperusodeglistudiosidesculturaepitturaOperapostuma1816.jpg,Anatomy,AnatomiaperusodeglistudiosidesculturaepitturaOperapostuma1816.html
800pxThemedicineofAkbar03jpgAkbarMuqimArzani1722.jpg,Anatomy,800pxThemedicineofAkbar03jpgAkbarMuqimArzani1722.html
3063890554498cba9d675b.jpg,Anatomy,3063890554498cba9d675b.html
BartholomewFig1jpgArtandAnatomyofStBartholomew.jpg,Anatomy,BartholomewFig1jpgArtandAnatomyofStBartholomew.html
DrDeijmansAnatomyLessonfragmentbyRembrandtjpg1656.jpg,Anatomy,DrDeijmansAnatomyLessonfragmentbyRembrandtjpg1656.html
JapaneseManuscript1pngTheopeningsetofflapsdetailingtheanteriorandposteriorviewsofamalefigur.png,Anatomy,JapaneseManuscript1pngTheopeningsetofflapsdetailingtheanteriorandposteriorviewsofamalefigur.html
LeonardodaVincitheanatomist.jpg,Anatomy,LeonardodaVincitheanatomist.html
BartholomewFig9GuntherVonHagens.jpg,Anatomy,BartholomewFig9GuntherVonHagens.html
persiananatomy.jpg,Anatomy,persiananatomy.html
JacopoBerengariodaCarpi.jpg,Anatomy,JacopoBerengariodaCarpi.html
3063890484484f860cebab.jpg,Anatomy,3063890484484f860cebab.html
AfugitivesheetofaseatedfemalefigureherhandrestingonavasewithherthoraxandabdomendissectedtorevealtheribsvertebralcolumnandpelvisPhotographafterawoodcut1611.jpg,Anatomy,AfugitivesheetofaseatedfemalefigureherhandrestingonavasewithherthoraxandabdomendissectedtorevealtheribsvertebralcolumnandpelvisPhotographafterawoodcut1611.html
WellcomeLibraryLondonWoundMan14thCenturyAD.jpg,Anatomy,WellcomeLibraryLondonWoundMan14thCenturyAD.html
Unidentifiedsideainkalargelinedrawingofamanshowingthesevensubtlecentrescakrawiththebodyandthemainsubtleveinsnadi.jpg,Anatomy,Unidentifiedsideainkalargelinedrawingofamanshowingthesevensubtlecentrescakrawiththebodyandthemainsubtleveinsnadi.html
abdominalincisionwithascalpelwithhisrighthandwhilehislefthandisplacedonthecadavershipColourprocessprint1926afteramanuscriptillustration1345.jpg,Anatomy,abdominalincisionwithascalpelwithhisrighthandwhilehislefthandisplacedonthecadavershipColourprocessprint1926afteramanuscriptillustration1345.html
MichelangelosStudyofAnatomy1024x400.jpg,Anatomy,MichelangelosStudyofAnatomy1024x400.html
CPMICHELANGELOEcorcheLeg1.JPG,Anatomy,CPMICHELANGELOEcorcheLeg1.html
gautierdagotymedinart1745.jpg,Anatomy,gautierdagotymedinart1745.html
CopyofIllustrationfromRentijingmaitumanuscriptcreated16621722.jpg,Anatomy,CopyofIllustrationfromRentijingmaitumanuscriptcreated16621722.html
DissectionofaCadaverjpg15thcentury.jpg,Anatomy,DissectionofaCadaverjpg15thcentury.html
AseatedfemalefigurewithadissectedabdomenPhotographafterawoodcutca15251530.jpg,Anatomy,AseatedfemalefigurewithadissectedabdomenPhotographafterawoodcutca15251530.html
AcupuncturePrintcirca100BCThisshowsthedifferentJingmaipoints.jpg,Anatomy,AcupuncturePrintcirca100BCThisshowsthedifferentJingmaipoints.html
manasatowerottomanmanuscript.jpg,Anatomy,manasatowerottomanmanuscript.html
ThiswonderfulillustrationisfromTheExpressivenessoftheBodyandtheDivergenceofGreekandChineseMedicinebyShigehisaKuriyamashowingthedifferencebetweenthebodyaspurelyfunctionorstructure.jpg,Anatomy,ThiswonderfulillustrationisfromTheExpressivenessoftheBodyandtheDivergenceofGreekandChineseMedicinebyShigehisaKuriyamashowingthedifferencebetweenthebodyaspurelyfunctionorstructure.html
CopyofNudeFemaleAnatomicalFigureartistunknownfromArzneibuch1524c1550artofmedbookp22.jpg,Anatomy,CopyofNudeFemaleAnatomicalFigureartistunknownfromArzneibuch1524c1550artofmedbookp22.html
1200pxAnathomia52MusclemaninredandblackbackviewWellcomeL0045192.jpg,Anatomy,1200pxAnathomia52MusclemaninredandblackbackviewWellcomeL0045192.html
CPMICHELANGELOEcorcheArm3.jpg,Anatomy,CPMICHELANGELOEcorcheArm3.html
LouiseBourgeois.jpg,Anatomy,LouiseBourgeois.html
1280pxRembrandtTheAnatomyLessonofDrNicolaesTulp.jpg,Anatomy,1280pxRembrandtTheAnatomyLessonofDrNicolaesTulp.html
111318103ArtHistoryMedicineIndiaAnatomy.jpg,Anatomy,111318103ArtHistoryMedicineIndiaAnatomy.html
CopyofIllustrationofthesixchakrasoftantricyogainSanskritandHindiTheleftsideoftheimageshowsthesubtlebodytherightshowsgrossanatomyImagecreditWellcomeLibraryLondon.jpg,Anatomy,CopyofIllustrationofthesixchakrasoftantricyogainSanskritandHindiTheleftsideoftheimageshowsthesubtlebodytherightshowsgrossanatomyImagecreditWellcomeLibraryLondon.html
47LeonLhermitteClaudeBernardPerformsanExperimentalVivisection1889ExperimentalVivesectionpg198.jpg,Anatomy,47LeonLhermitteClaudeBernardPerformsanExperimentalVivisection1889ExperimentalVivesectionpg198.html
TheAnatomyLessonofDrNicolaesTulpRembrandt1632WikimediaCommons.jpg,Anatomy,TheAnatomyLessonofDrNicolaesTulpRembrandt1632WikimediaCommons.html
AllegoricalMedicineisaphotographbyLibraryOfCongresswhichwasuploadedonJuly31st2016.jpg,Anatomy,AllegoricalMedicineisaphotographbyLibraryOfCongresswhichwasuploadedonJuly31st2016.html
Adepictionofananatomicaltheatrejpeglieden.jpeg,Anatomy,Adepictionofananatomicaltheatrejpeglieden.html
1280pxAnecorchefigurelifesizelyingproneonatableWellcomeL0020561.jpg,Anatomy,1280pxAnecorchefigurelifesizelyingproneonatableWellcomeL0020561.html
movingbabyinthewomb.jpg,Anatomy,movingbabyinthewomb.html
amanasahousetuviyyahmedinartbook.jpg,Anatomy,amanasahousetuviyyahmedinartbook.html
AcupunctureModel17thcenturyinworkscited.jpg,Anatomy,AcupunctureModel17thcenturyinworkscited.html
CopyofGeorgeRipleyRipleysScrollRotulumHieroglyphicumGRiplaeiEquitisAurati1600.jpg,Anatomy,CopyofGeorgeRipleyRipleysScrollRotulumHieroglyphicumGRiplaeiEquitisAurati1600.html
acupuncturemodel17thcenturyartandmed.jpg,Anatomy,acupuncturemodel17thcenturyartandmed.html
MusclemanVesaliusUniversityofOklahomaHsitoryofScienceCollection.jpg,Anatomy,MusclemanVesaliusUniversityofOklahomaHsitoryofScienceCollection.html
CPMICHELANGELOEcorche1.JPG,Anatomy,CPMICHELANGELOEcorche1.html
BartholomewFig4Michelangelo.jpg,Anatomy,BartholomewFig4Michelangelo.html
WhattheOldMastersknewaboutAnatomyMichelangeloanatomy980x762.jpg,Anatomy,WhattheOldMastersknewaboutAnatomyMichelangeloanatomy980x762.html
MuseodellaSpecolaFlorenceItaly.jpeg,Anatomy,MuseodellaSpecolaFlorenceItaly.html
Lesmeridiens.png,Anatomy,Lesmeridiens.html
AnatomicalStudiesoftheArmLeonardodaVincica1510.jpg,Anatomy,AnatomicalStudiesoftheArmLeonardodaVincica1510.html
CPMICHELANGELOEcorche3.JPG,Anatomy,CPMICHELANGELOEcorche3.html
CPMICHELANGELOEcorche2.JPG,Anatomy,CPMICHELANGELOEcorche2.html
FrontispieceofJohnBrowneMyographiaNovaOrAGraphicalDescriptionofAlloftheMusclesintheHumaneBodyAsTheyAriseinDissection.jpg,Anatomy,FrontispieceofJohnBrowneMyographiaNovaOrAGraphicalDescriptionofAlloftheMusclesintheHumaneBodyAsTheyAriseinDissection.html
BartholomewFig6dAgrate.jpg,Anatomy,BartholomewFig6dAgrate.html
AdamandEve1528jpgcranachtheelder.jpg,Anatomy,AdamandEve1528jpgcranachtheelder.html
MichelangeloCadaverAnatomyStudies300x237.jpg,Anatomy,MichelangeloCadaverAnatomyStudies300x237.html
nudeanatomicalfemale15241550colorwashandink.jpg,Anatomy,nudeanatomicalfemale15241550colorwashandink.html
CopyofArtistUnknownBronzeAcupunctureFigure18thcentury.jpg,Anatomy,CopyofArtistUnknownBronzeAcupunctureFigure18thcentury.html
MondinoAnathomia15413022668tif.jpg,Anatomy,MondinoAnathomia15413022668tif.html
AnatomicalIllustration.jpg,Anatomy,AnatomicalIllustration.html
arteriesandveinsofthehumanbodywithadissectedtorsodetailingtheabsorbentsLineengravingbyHeathafterWalker1806.jpg,Anatomy,arteriesandveinsofthehumanbodywithadissectedtorsodetailingtheabsorbentsLineengravingbyHeathafterWalker1806.html
313338061724c82f814f2bjpgagraphicdrawingofaviolentlywoundedfigurerepeatedacrossaseriesofEuropeansurgicaltreatisesfrom1400.jpg,Anatomy,313338061724c82f814f2bjpgagraphicdrawingofaviolentlywoundedfigurerepeatedacrossaseriesofEuropeansurgicaltreatisesfrom1400.html
1.jpg,Anatomy,1.html
images.jpg,Anatomy,images.html
AWesternconceptionofthebodyLeonardodaVincisVitruvianMan.jpg,Anatomy,AWesternconceptionofthebodyLeonardodaVincisVitruvianMan.html
AdamandEveWoodcut1509jpgcranachtheelderwoodcut.jpg,Anatomy,AdamandEveWoodcut1509jpgcranachtheelderwoodcut.html
JapaneseManuscript5pngTheimageatleftisfromasetoffourprintedJapaneseacupuncturebroadsheetsc1661TheimageontherightisfromtheJapaneseflapanatomy.png,Anatomy,JapaneseManuscript5pngTheimageatleftisfromasetoffourprintedJapaneseacupuncturebroadsheetsc1661TheimageontherightisfromtheJapaneseflapanatomy.html
19022809362301caravaggiojudithandholofernesjpggoiter.jpg,Endocrinology,19022809362301caravaggiojudithandholofernesjpggoiter.html
ArtistUnknownStatueShowingaWomanwithaGoiterGrowth19thcentury.jpg,Endocrinology,ArtistUnknownStatueShowingaWomanwithaGoiterGrowth19thcentury.html
landonmiddlecoffcdveisenmannjpgCharlesEisenmannStudio1880.jpg,Endocrinology,landonmiddlecoffcdveisenmannjpgCharlesEisenmannStudio1880.html
ClarkSignsofDiseasesinArtFig1219x300jpgLucreziaVertovaAgliardibyGiovanni.jpg,Endocrinology,ClarkSignsofDiseasesinArtFig1219x300jpgLucreziaVertovaAgliardibyGiovanni.html
EgyptMedicalImage1.jpg,Endocrinology,EgyptMedicalImage1.html
goiter2.jpg,Endocrinology,goiter2.html
CharlesEisenmannStudio18803.jpg,Endocrinology,CharlesEisenmannStudio18803.html
14EduardoRosalesJohnofAustriasPresentationtoEmperorCharlesVatYuste1869Goutpg97.jpg,Endocrinology,14EduardoRosalesJohnofAustriasPresentationtoEmperorCharlesVatYuste1869Goutpg97.html
15JehanGeorgesVibertTheDietca1890Goutpg98.jpg,Endocrinology,15JehanGeorgesVibertTheDietca1890Goutpg98.html
1200pxGentileschijudith1jpggoiter.jpg,Endocrinology,1200pxGentileschijudith1jpggoiter.html
clarksignsofdiseasethyroidPietroMoriconibaptizesLambertosonofthekingoftheBalearics.jpg,Endocrinology,clarksignsofdiseasethyroidPietroMoriconibaptizesLambertosonofthekingoftheBalearics.html
ArtistUnknownGoutwithPlutoJupiterandNeptuneleftandGoutPatientswithInscriptionDeploringtheirPainfulStateright1537.jpg,Endocrinology,ArtistUnknownGoutwithPlutoJupiterandNeptuneleftandGoutPatientswithInscriptionDeploringtheirPainfulStateright1537.html
moronigoiter.jpg,Endocrinology,moronigoiter.html
CopyofRubensWomanwithThyroidConditioninWorksCited.jpg,Endocrinology,CopyofRubensWomanwithThyroidConditioninWorksCited.html
GeorgeCruikshankIntroductionoftheGout1818.jpg,Endocrinology,GeorgeCruikshankIntroductionoftheGout1818.html
Copyofgoiter.jpg,Endocrinology,Copyofgoiter.html
1566428886483sleepingcupidcaravaggiohormonalpaintingsaboutsyndromesanddiseasesmedium.jpg,Endocrinology,1566428886483sleepingcupidcaravaggiohormonalpaintingsaboutsyndromesanddiseasesmedium.html
canice51.jpg,Reproductive Medicine,canice51.html
SommerringIllustrationofFetalDevelopment1799.jpg,Reproductive Medicine,SommerringIllustrationofFetalDevelopment1799.html
StudiesoftheFetusintheWombLeonardodaVincica15101513.jpg,Reproductive Medicine,StudiesoftheFetusintheWombLeonardodaVincica15101513.html
egyptiancircumcisionAnkhmahoSaqqarashowinganEgyptiancircumcisionceremony23502000BCE.jpg,Reproductive Medicine,egyptiancircumcisionAnkhmahoSaqqarashowinganEgyptiancircumcisionceremony23502000BCE.html
EgonSchieleEdithSchieleonherDeathbed1918chaulkonpaperSpanishFlu.jpg,Hospice and Palliative Care,EgonSchieleEdithSchieleonherDeathbed1918chaulkonpaperSpanishFlu.html
SimoneBaschenisDanseMacabre1539Death1.jpg,Hospice and Palliative Care,SimoneBaschenisDanseMacabre1539Death1.html
FridaKahloTheDreaminBed1940oiloncanvas.jpg,Hospice and Palliative Care,FridaKahloTheDreaminBed1940oiloncanvas.html
221SimoneBaschenisDanseMacabre1539Deathpg118.jpg,Hospice and Palliative Care,221SimoneBaschenisDanseMacabre1539Deathpg118.html
SimoneBaschenisDanseMacabre1539Death2.jpg,Hospice and Palliative Care,SimoneBaschenisDanseMacabre1539Death2.html
SimoneBaschenisDanseMacabre1539Death.jpg,Hospice and Palliative Care,SimoneBaschenisDanseMacabre1539Death.html
PieterBruegeltheElderTheTriumphofDeath1562oilonpanel117X162cmDeath.jpg,Hospice and Palliative Care,PieterBruegeltheElderTheTriumphofDeath1562oilonpanel117X162cmDeath.html
RCooperDeathSymbolism1912watercolorTuberculosis.png,Hospice and Palliative Care,RCooperDeathSymbolism1912watercolorTuberculosis.html
ThomasBartholinFrontispieceofThomasBartholinAnatomiaExCaspariBartholiniParentis1666.jpg,Medical Manuscripts,ThomasBartholinFrontispieceofThomasBartholinAnatomiaExCaspariBartholiniParentis1666.html
PlaqueinscribedwiththeHippocraticOathinthelobbyofamedicalcenterat303SecondAvenueNewYorkNYPhotobyMichaelGoyette.jpg,Medical Manuscripts,PlaqueinscribedwiththeHippocraticOathinthelobbyofamedicalcenterat303SecondAvenueNewYorkNYPhotobyMichaelGoyette.html
FrontispieceofAndreasVesaliusDeHumaniCorporisFabricaLibriSeptemSevenBooksontheStructureoftheHumanBodyFirstpublishedin1543.jpg,Medical Manuscripts,FrontispieceofAndreasVesaliusDeHumaniCorporisFabricaLibriSeptemSevenBooksontheStructureoftheHumanBodyFirstpublishedin1543.html
16thcenturymanuscriptoftheAlTibbalNabawiTreatiseonPropheticMedicinecreatedforOttomanemperorSuleimantheMagnificent.jpg,Medical Manuscripts,16thcenturymanuscriptoftheAlTibbalNabawiTreatiseonPropheticMedicinecreatedforOttomanemperorSuleimantheMagnificent.html
LondonBritishLibrarySloane2839folio1vGalenHippocrates.png,Medical Manuscripts,LondonBritishLibrarySloane2839folio1vGalenHippocrates.html
ClarkSignsofDiseasesinArtFig4reducedCopy133x300jpgTheRescueoftheHeadofStTorpeCignarolianemia.jpg,Genetic Disorders,ClarkSignsofDiseasesinArtFig4reducedCopy133x300jpgTheRescueoftheHeadofStTorpeCignarolianemia.html
daniellambert19thcenturyPRADERWILLISYNDROME.jpg,Genetic Disorders,daniellambert19thcenturyPRADERWILLISYNDROME.html
josephmerrick5jpgproteussyndrome.jpg,Genetic Disorders,josephmerrick5jpgproteussyndrome.html
14JusepedeRiberaTheClubfoot1642.jpg,Genetic Disorders,14JusepedeRiberaTheClubfoot1642.html
244df19edfaf87ede70b1f2607b6098c.jpg,Genetic Disorders,244df19edfaf87ede70b1f2607b6098c.html
2josephmerrickusnationallibraryofmedicinesciencephotolibraryjpgelephantman.jpg,Genetic Disorders,2josephmerrickusnationallibraryofmedicinesciencephotolibraryjpgelephantman.html
CharlesEisenmannFreaks18.jpg,Genetic Disorders,CharlesEisenmannFreaks18.html
CharlesEisenmannMyrtleCorbin.jpg,Genetic Disorders,CharlesEisenmannMyrtleCorbin.html
CharlesEisenmannStudio18804.jpg,Genetic Disorders,CharlesEisenmannStudio18804.html
ProteusSyndrome2needtofindsource.jpg,Genetic Disorders,ProteusSyndrome2needtofindsource.html
CharlesEisenmannStudio1880s.jpg,Genetic Disorders,CharlesEisenmannStudio1880s.html
23SalvadorDaliVelazquezDyingbehindtheWindowontheLeftSideofWhichaSpoonProjects1982.jpg,Genetic Disorders,23SalvadorDaliVelazquezDyingbehindtheWindowontheLeftSideofWhichaSpoonProjects1982.html
22DiegoVelazquezTheBuffoonSebastiandeMorra1644.jpg,Genetic Disorders,22DiegoVelazquezTheBuffoonSebastiandeMorra1644.html
elephantmannlm101434392.jpg,Genetic Disorders,elephantmannlm101434392.html
unknownworksofartofmedicalconditions2.jpg,Genetic Disorders,unknownworksofartofmedicalconditions2.html
jimdavisgiantjpgCharlesEisenmannStudio1880.jpg,Genetic Disorders,jimdavisgiantjpgCharlesEisenmannStudio1880.html
CharlesEisenmannStudiorussiandogfaceboy1880s.jpg,Genetic Disorders,CharlesEisenmannStudiorussiandogfaceboy1880s.html
PRADERWILLISYNDROME3.jpg,Genetic Disorders,PRADERWILLISYNDROME3.html
LaviniaFontanaAntoniettaGonzalez1656.jpg,Genetic Disorders,LaviniaFontanaAntoniettaGonzalez1656.html
CharlesEisenmannStudio1880.jpg,Genetic Disorders,CharlesEisenmannStudio1880.html
JuanCarrenodeMirandaPortraitofCharlesIIc1685.jpg,Genetic Disorders,JuanCarrenodeMirandaPortraitofCharlesIIc1685.html
6ff4ba19504284df770565ba0f756614pagliaccigiovanni.jpg,Genetic Disorders,6ff4ba19504284df770565ba0f756614pagliaccigiovanni.html
PRADERWILLISYNDROME4.jpg,Genetic Disorders,PRADERWILLISYNDROME4.html
ClarkSignsofDiseasesinArtFig3300x228jpganemia.jpg,Genetic Disorders,ClarkSignsofDiseasesinArtFig3300x228jpganemia.html
2PRADERWILLISYNDROME.jpg,Genetic Disorders,2PRADERWILLISYNDROME.html
CharlesEisenmannStudio18801.jpg,Genetic Disorders,CharlesEisenmannStudio18801.html
leonardoanatomist7.jpg,Women_s Health,leonardoanatomist7.html
luciliodealbuquerquepreta1912oleosobretela.jpg,Women_s Health,luciliodealbuquerquepreta1912oleosobretela.html
CrazyKateThomasBarkerPublicdomaincourtesyofYorkArtGallery.jpg,Women_s Health,CrazyKateThomasBarkerPublicdomaincourtesyofYorkArtGallery.html
AsclepiusandTwoGoddesses5thcenturyBCE.jpg,Women_s Health,AsclepiusandTwoGoddesses5thcenturyBCE.html
UnknownArtistABirthScenepossiblyFrench1800oilonpaperWellcomeLibraryLondon.jpg,Women_s Health,UnknownArtistABirthScenepossiblyFrench1800oilonpaperWellcomeLibraryLondon.html
ToniaNnejiFaithandWorryDetail2020AcrylicandOilonCanvas48x48inches.jpg,Women_s Health,ToniaNnejiFaithandWorryDetail2020AcrylicandOilonCanvas48x48inches.html
CopyofRaphaelFornarinabreastcancerinworkscited.jpg,Women_s Health,CopyofRaphaelFornarinabreastcancerinworkscited.html
676pxFoetalpositionsinuteruspregnantfemaleWellcomeL0029310jpgwomanwithailmentsfromtheapocalypse1420.jpg,Women_s Health,676pxFoetalpositionsinuteruspregnantfemaleWellcomeL0029310jpgwomanwithailmentsfromtheapocalypse1420.html
LavirgendelalechepaintedbyMaestroBartolomeSpain1490Imageviawikipedia.jpg,Women_s Health,LavirgendelalechepaintedbyMaestroBartolomeSpain1490Imageviawikipedia.html
TheOriginoftheMilkyWayabout1575.jpg,Women_s Health,TheOriginoftheMilkyWayabout1575.html
IllustrationofRashidadDinsJamialtawarikhBirthofaprince14thcenturywatercoloronpaper127X25cmTheastrologershaveastrolabes.jpg,Women_s Health,IllustrationofRashidadDinsJamialtawarikhBirthofaprince14thcenturywatercoloronpaper127X25cmTheastrologershaveastrolabes.html
gilbertogomesbrasil1953maternidade1981.jpg,Women_s Health,gilbertogomesbrasil1953maternidade1981.html
VotiveSteleofMotherFaintingAfterChildbirthClassicalPeriodGreeklate5thCenturyBCEmarble267X217cmMetMuseumofArt.jpg,Women_s Health,VotiveSteleofMotherFaintingAfterChildbirthClassicalPeriodGreeklate5thCenturyBCEmarble267X217cmMetMuseumofArt.html
ToniaNnejiFromNnadoziewithLove2020AcrylicandOilonCanvas48x48inches.jpg,Women_s Health,ToniaNnejiFromNnadoziewithLove2020AcrylicandOilonCanvas48x48inches.html
ErnstNeuschul18951968.jpg,Women_s Health,ErnstNeuschul18951968.html
KahloBrokenColumn.jpg,Women_s Health,KahloBrokenColumn.html
WaterhouseOphelia1894.jpg,Women_s Health,WaterhouseOphelia1894.html
alfredoVolpiMaeefilha.jpg,Women_s Health,alfredoVolpiMaeefilha.html
BabyJohnBeingNursedbyMaryCassatt1910.jpg,Women_s Health,BabyJohnBeingNursedbyMaryCassatt1910.html
GiulioCesareCasseriandAdriaanvandeSpiegelAnatomicalillustrationsfromDeformatofoetulibersingularisPaduaIoBapdeMartinisLiviusPasquatus1626.jpg,Women_s Health,GiulioCesareCasseriandAdriaanvandeSpiegelAnatomicalillustrationsfromDeformatofoetulibersingularisPaduaIoBapdeMartinisLiviusPasquatus1626.html
Maternidade1937.jpg,Women_s Health,Maternidade1937.html
ToniaNnejiSoonerorLater2020AcrylicandOilonCanvas48x48inches.jpg,Women_s Health,ToniaNnejiSoonerorLater2020AcrylicandOilonCanvas48x48inches.html
RomanPlaqueOstiaItalyThismarbleplaquedepictsaparturitionorbirthingscenethedepictionofsuccessfulbirthsmayhaveeasedthefearsofexpectantmothers400BCE300CE.jpg,Women_s Health,RomanPlaqueOstiaItalyThismarbleplaquedepictsaparturitionorbirthingscenethedepictionofsuccessfulbirthsmayhaveeasedthefearsofexpectantmothers400BCE300CE.html
LavirgendelalechebySpanishpainterPedroBerruguete1500.jpg,Women_s Health,LavirgendelalechebySpanishpainterPedroBerruguete1500.html
FridaKahloHenryFordHospital1932oilonmetal305X38cmmiscarriage.jpg,Women_s Health,FridaKahloHenryFordHospital1932oilonmetal305X38cmmiscarriage.html
DoctortakingwomanspulseAvicennasCanonmanuscriptCanonofMedicinealqanunFiTTibbBindingboardofmanuscriptofAvicennasCanon.jpg,Adult Medicine,DoctortakingwomanspulseAvicennasCanonmanuscriptCanonofMedicinealqanunFiTTibbBindingboardofmanuscriptofAvicennasCanon.html
JanSteenTheDoctorsVisit16581662oilonpanel46X36-8cm.jpg,Adult Medicine,JanSteenTheDoctorsVisit16581662oilonpanel46X36-8cm.html
HoracePippinCountryDoctorNightCall1935MFABostonoiloncanvas28X32.jpg,Adult Medicine,HoracePippinCountryDoctorNightCall1935MFABostonoiloncanvas28X32.html
CopyofJosephWrightofDerbyAnExperimentonaBirdintheAirPumpjpgDermatomyositis.jpg,Convalescence,CopyofJosephWrightofDerbyAnExperimentonaBirdintheAirPumpjpgDermatomyositis.html
2MarieFrancoisFirminGirardTheConvalescents1891.jpg,Convalescence,2MarieFrancoisFirminGirardTheConvalescents1891.html
CopyofTheConvalescentinworkscited.jpg,Convalescence,CopyofTheConvalescentinworkscited.html
theconvalescent1924jpgLargejpgTheConvalescent.jpg,Convalescence,theconvalescent1924jpgLargejpgTheConvalescent.html
KarlOpfermannGermanyRoding18911960convalescent.jpg,Convalescence,KarlOpfermannGermanyRoding18911960convalescent.html
carolusduranconvalescentjpgTheConvalescentCharlesCarolusDuranTheConvalescentTheWoundedManc1860.jpg,Convalescence,carolusduranconvalescentjpgTheConvalescentCharlesCarolusDuranTheConvalescentTheWoundedManc1860.html
4LuigiNonoConvalescent1889.jpg,Convalescence,4LuigiNonoConvalescent1889.html
FrancisMontagueHollConvalescent.jpg,Convalescence,FrancisMontagueHollConvalescent.html
CopyofHeleneSchjerfbeck18621946TheConvalescentToipilasKonvalescenten32721924996jpg1888.jpg,Convalescence,CopyofHeleneSchjerfbeck18621946TheConvalescentToipilasKonvalescenten32721924996jpg1888.html
678pxEdgarDegasTheConvalescentGoogleArtProjectjpg1872.jpg,Convalescence,678pxEdgarDegasTheConvalescentGoogleArtProjectjpg1872.html
8HansBaldungTheAgesofWomenandDeath15411544.jpg,Geriatrics,8HansBaldungTheAgesofWomenandDeath15411544.html
davinciselfportrait.jpg,Geriatrics,davinciselfportrait.html
RembrandtSelfPortraitattheAgeof63.jpg,Geriatrics,RembrandtSelfPortraitattheAgeof63.html
oldmarketwomanhellenistic.jpg,Geriatrics,oldmarketwomanhellenistic.html
9SalvadoorDaliOldAgeAdolescentsInfancyTheThreeAges1940.jpg,Geriatrics,9SalvadoorDaliOldAgeAdolescentsInfancyTheThreeAges1940.html
12GustavKlimtThreeAgesofWoman1905.jpg,Geriatrics,12GustavKlimtThreeAgesofWoman1905.html
RembrandtSelfportraitMauritshuis1669.jpg,Geriatrics,RembrandtSelfportraitMauritshuis1669.html
instruments.jpg,General Surgery,instruments.html
52HenriGervexBeforetheOperationDrPeanTeachingHisDiscoveryofCompressionofBloodVesselsatSaintLouisHospital1887SurgeryPg203.gif,General Surgery,52HenriGervexBeforetheOperationDrPeanTeachingHisDiscoveryofCompressionofBloodVesselsatSaintLouisHospital1887SurgeryPg203.html
SurgicalToolsPompeii.jpg,General Surgery,SurgicalToolsPompeii.html
Thegreatestmistakeinthetreatmentofdiseasesisthattherearephysiciansforthebodyandphysiciansforthesoulalthoughthetwocannotbeseparated.jpg,General Surgery,Thegreatestmistakeinthetreatmentofdiseasesisthattherearephysiciansforthebodyandphysiciansforthesoulalthoughthetwocannotbeseparated.html
54EdouardVuillardTheSurgeons191214Surgerypg206.jpg,General Surgery,54EdouardVuillardTheSurgeons191214Surgerypg206.html
48RobertCHinckleyTheFirstOperationunderEther188294EtherPg199.jpg,General Surgery,48RobertCHinckleyTheFirstOperationunderEther188294EtherPg199.html
50ThomasEakinsTheAgnewClinic1889Surgerypg201.jpg,General Surgery,50ThomasEakinsTheAgnewClinic1889Surgerypg201.html
49AdelbergFSeligmannTheodorBillrothOperatingattheSurgicalClinic21890Surgerypg200.jpg,General Surgery,49AdelbergFSeligmannTheodorBillrothOperatingattheSurgicalClinic21890Surgerypg200.html
42CircumcisionEgyptianrelief2345Circumcisionpg179.png,General Surgery,42CircumcisionEgyptianrelief2345Circumcisionpg179.html
barbarahepworthmedicaldrawings.jpg,General Surgery,barbarahepworthmedicaldrawings.html
unknownworksofartofmedicalconditions1895bookonrareconditions.jpg,General Surgery,unknownworksofartofmedicalconditions1895bookonrareconditions.html
ChristianSchadOperation1929Surgery.jpg,General Surgery,ChristianSchadOperation1929Surgery.html
TheAgnewClinicdepictsDrAgnewperformingapartialmastectomyinamedicalamphitheaterThomasEakinsoiloncanvas1889.jpg,General Surgery,TheAgnewClinicdepictsDrAgnewperformingapartialmastectomyinamedicalamphitheaterThomasEakinsoiloncanvas1889.html
53EdvardMunchTheOperation1902Surgerypg205.jpeg,General Surgery,53EdvardMunchTheOperation1902Surgerypg205.html
RodinssculptureLeftHandofEustachedeStPierreduringthescanningprocessphotobyMatthewHaselStanfordSchoolofMedicine.jpg,Orthopedics,RodinssculptureLeftHandofEustachedeStPierreduringthescanningprocessphotobyMatthewHaselStanfordSchoolofMedicine.html
6OttoDixTheMatchSeller1920.jpg,Orthopedics,6OttoDixTheMatchSeller1920.html
ErnestBoard1912AmbroisePareUsingtheLigaturewhenAmputatingontheBattlefieldattheSiegeofBramvilliers1552.jpg,Orthopedics,ErnestBoard1912AmbroisePareUsingtheLigaturewhenAmputatingontheBattlefieldattheSiegeofBramvilliers1552.html
Ayoungwomanaged23depictedbeforeandaftercontractingcholeraColouredstippleengravingneedtofindsource.jpg,Unassigned Images,Ayoungwomanaged23depictedbeforeandaftercontractingcholeraColouredstippleengravingneedtofindsource.html
httpcdncnncomcnnnextdamassets180228120843watercolourofawoundedsoldier1815bycharlesbell.jpg,Unassigned Images,httpcdncnncomcnnnextdamassets180228120843watercolourofawoundedsoldier1815bycharlesbell.html
DiegoVelazquezPortraitofSebastiandeMorra1645.jpg,Unassigned Images,DiegoVelazquezPortraitofSebastiandeMorra1645.html
TheUglyDuchessoraGrotesqueOldWomanhereditarydiseaseinworkscited.jpg,Unassigned Images,TheUglyDuchessoraGrotesqueOldWomanhereditarydiseaseinworkscited.html
LeonarddaVinciSalvatorMundiExotropiashowsineyesdavincisconditioninworkscited.jpg,Unassigned Images,LeonarddaVinciSalvatorMundiExotropiashowsineyesdavincisconditioninworkscited.html
AdamandEve1533jpgcranachtheelder.jpg,Unassigned Images,AdamandEve1533jpgcranachtheelder.html
ManetTheConvalescentSuzanneManet.jpg,Unassigned Images,ManetTheConvalescentSuzanneManet.html
ArtistUnknownAYoungVenetianWomanAged23DepictedBeforeandAfterContractingCholera1831.jpg,Unassigned Images,ArtistUnknownAYoungVenetianWomanAged23DepictedBeforeandAfterContractingCholera1831.html
tumblrl20d54xvij1qa4s0qo11280vjpgjpgmangelo.jpg,Unassigned Images,tumblrl20d54xvij1qa4s0qo11280vjpgjpgmangelo.html
download.jpg,Unassigned Images,download.html
c8ac63d2171eee04123914dc0f9ba7a2renaissancepaintingsrenaissanceartists.jpg,Unassigned Images,c8ac63d2171eee04123914dc0f9ba7a2renaissancepaintingsrenaissanceartists.html
extractingthestoneofmadnessca1490flemishschooloilonpanel485cmxhieronymusboschc14501516canvasprint.jpg,Unassigned Images,extractingthestoneofmadnessca1490flemishschooloilonpanel485cmxhieronymusboschc14501516canvasprint.html
VenusandCupid1509jpgcranchtheelder.jpg,Unassigned Images,VenusandCupid1509jpgcranchtheelder.html
ShusterMichelangelofig1.jpg,Unassigned Images,ShusterMichelangelofig1.html
VenusandCupidca1530jpgcranachtheelder.jpg,Unassigned Images,VenusandCupidca1530jpgcranachtheelder.html
dropsicalchild1024x734.jpg,Unassigned Images,dropsicalchild1024x734.html
PeterPaulRubensTheLandingofMariaobesityneedtofindsource.jpg,Unassigned Images,PeterPaulRubensTheLandingofMariaobesityneedtofindsource.html
800pxPortraitofDrGachetjpgvangogh.jpg,Unassigned Images,800pxPortraitofDrGachetjpgvangogh.html
ChristHealsablindmanTheSyriacLectionaaryMosul12161.jpg,Unassigned Images,ChristHealsablindmanTheSyriacLectionaaryMosul12161.html
TheThreeGraces1535jpgcranchtheelder.jpg,Unassigned Images,TheThreeGraces1535jpgcranchtheelder.html
WatteauPierrotgiantinworkscited.jpg,Unassigned Images,WatteauPierrotgiantinworkscited.html
astainedglasswindowdepictingjesuscuringthemanwithpalsychurchChurchofChristtheConsolerSkeltonCumNewbyinworkscited.jpg,Unassigned Images,astainedglasswindowdepictingjesuscuringthemanwithpalsychurchChurchofChristtheConsolerSkeltonCumNewbyinworkscited.html
SirCharlesBellTwoWoundedBritishSoldiers1836fromthesketchesof1815.jpg,Unassigned Images,SirCharlesBellTwoWoundedBritishSoldiers1836fromthesketchesof1815.html
michelangelolastjudgement1050x700.jpg,Unassigned Images,michelangelolastjudgement1050x700.html
AVergersDreamSaintsCosmasandDamianPerformingaMiraculousCurebyTransplantationofaLegatrributedtotheMasterofLosBalbases1495.jpg,Unassigned Images,AVergersDreamSaintsCosmasandDamianPerformingaMiraculousCurebyTransplantationofaLegatrributedtotheMasterofLosBalbases1495.html
Lucretia1533jpgcranachtheelder.jpg,Unassigned Images,Lucretia1533jpgcranachtheelder.html
VenusandCupidwithaHoneycomb1531jpgcranchtheelder.jpg,Unassigned Images,VenusandCupidwithaHoneycomb1531jpgcranchtheelder.html
ChristHealsaparalyticTheGospelofTsarIvanAlexanderTurnova13553680x479.jpg,Unassigned Images,ChristHealsaparalyticTheGospelofTsarIvanAlexanderTurnova13553680x479.html
ArtandMedBookSvamihamsasvarupakrtamSwamiHamsasvarupa1903.jpg,Unassigned Images,ArtandMedBookSvamihamsasvarupakrtamSwamiHamsasvarupa1903.html
ArtistUnknownChineseAcupunctureCharts18thcentury2.jpeg,Unassigned Images,ArtistUnknownChineseAcupunctureCharts18thcentury2.html
Lucretia1524jpgcranchtheelder.jpg,Unassigned Images,Lucretia1524jpgcranchtheelder.html
EdvardMunchScreamimpotenceanxietymultiplesourcesontheweb.jpg,Unassigned Images,EdvardMunchScreamimpotenceanxietymultiplesourcesontheweb.html
DickKet.jpg,Unassigned Images,DickKet.html
LamQuaASeatedChineseManPoAshingfromGuangzhouwithaVeryLargeTumoronhisLeftArm1836.jpg,Unassigned Images,LamQuaASeatedChineseManPoAshingfromGuangzhouwithaVeryLargeTumoronhisLeftArm1836.html
LaviniaFontanaAntoniettaGonzalez16562.jpg,Unassigned Images,LaviniaFontanaAntoniettaGonzalez16562.html
VenusandCupid1531jpgcranchtheelder.jpg,Unassigned Images,VenusandCupid1531jpgcranchtheelder.html
b0b28ebee046a7a5176087dcb62fc87anatureillustrationbotanicalillustration.jpg,Unassigned Images,b0b28ebee046a7a5176087dcb62fc87anatureillustrationbotanicalillustration.html
ManiabeforeandManiaafterfromAlexanderMorisonThe.jpg,Unassigned Images,ManiabeforeandManiaafterfromAlexanderMorisonThe.html
PeltierThirdFrenchLancersSirCharlesBell1836fromasketchmadeJuly21815.jpg,Unassigned Images,PeltierThirdFrenchLancersSirCharlesBell1836fromasketchmadeJuly21815.html
ArtistUnknownStatueShowingElephantiasisoftheScrotum19thCentury.jpg,Unassigned Images,ArtistUnknownStatueShowingElephantiasisoftheScrotum19thCentury.html
CharlesEisenmannSacredHairyFamilyofBirma1910needtofindsource.jpg,Unassigned Images,CharlesEisenmannSacredHairyFamilyofBirma1910needtofindsource.html
Melanoma.jpg,Unassigned Images,Melanoma.html
ArtistUnknownWoundManfromtheAnathomiabyCladiusGalen1450s.jpg,Unassigned Images,ArtistUnknownWoundManfromtheAnathomiabyCladiusGalen1450s.html
VirginandChildunderanAppleTree152530jpgcranachtheelder.jpg,Unassigned Images,VirginandChildunderanAppleTree152530jpgcranachtheelder.html
AndrewWyethChristinasWorldnerveconditioninworkscited.jpg,Unassigned Images,AndrewWyethChristinasWorldnerveconditioninworkscited.html
WhattheOldMastersknewaboutAnatomyGreekanatomy980x1135.jpg,Unassigned Images,WhattheOldMastersknewaboutAnatomyGreekanatomy980x1135.html
HieronymusBoschShipofFools14901500.jpg,Unassigned Images,HieronymusBoschShipofFools14901500.html
2CharlesEisenmannStudio1880.jpg,Unassigned Images,2CharlesEisenmannStudio1880.html
Bacchusobesityneedtofindsource.jpg,Unassigned Images,Bacchusobesityneedtofindsource.html
CharlesIIofSpainJuanCarrenodeMirandacirca1685MuseumofArtHistoryViennaQ320jpgMandibularprognathismHabsburgJaw.jpg,Unassigned Images,CharlesIIofSpainJuanCarrenodeMirandacirca1685MuseumofArtHistoryViennaQ320jpgMandibularprognathismHabsburgJaw.html
ElGrecoTheMiracleofChristHealingtheBlind1570.jpg,Unassigned Images,ElGrecoTheMiracleofChristHealingtheBlind1570.html
AdamandEve1538jpgcranachtheelder.jpg,Unassigned Images,AdamandEve1538jpgcranachtheelder.html
024352924899c8d156ea1b280abf447alagrandeartexhibitions.jpg,Unassigned Images,024352924899c8d156ea1b280abf447alagrandeartexhibitions.html
CaiusGabrielCibberMeloncoly1676.jpg,Unassigned Images,CaiusGabrielCibberMeloncoly1676.html
VenusStandinginaLandscape1529jpgcranchtheelder.jpg,Unassigned Images,VenusStandinginaLandscape1529jpgcranchtheelder.html
a022drapedfigures748x1024jpgmangelo.jpg,Unassigned Images,a022drapedfigures748x1024jpgmangelo.html
CupidComplainingToVenus1530jpgcranchtheelder.jpg,Unassigned Images,CupidComplainingToVenus1530jpgcranchtheelder.html
RecliningNymph153034jpgcranachtheelder.jpg,Unassigned Images,RecliningNymph153034jpgcranachtheelder.html
charleseisenmann04.jpg,Unassigned Images,charleseisenmann04.html
RecliningRiverNymphAtTheFountain1518jpgcranchtheelder.jpg,Unassigned Images,RecliningRiverNymphAtTheFountain1518jpgcranchtheelder.html
AfemaleflapanatomyfugitivesheetwithlayeredflapsliftedtorevealtheanatomyofthethoraxandabdomenPhotographofanengraving1683.jpg,Unassigned Images,AfemaleflapanatomyfugitivesheetwithlayeredflapsliftedtorevealtheanatomyofthethoraxandabdomenPhotographofanengraving1683.html
LeChapeaudePaillebyPeterPaulRubens1200x1760.jpg,Unassigned Images,LeChapeaudePaillebyPeterPaulRubens1200x1760.html
c1bebbf8a5bc4b6f1fe91cbc53db1550bobrosspaintingsartpaintings.jpg,Unassigned Images,c1bebbf8a5bc4b6f1fe91cbc53db1550bobrosspaintingsartpaintings.html
Pinelfreestheinsane1878jpgTonyRobertFleuryUnchainingtheInsaneattheHospitalofSalpetriere1878.jpg,Unassigned Images,Pinelfreestheinsane1878jpgTonyRobertFleuryUnchainingtheInsaneattheHospitalofSalpetriere1878.html
PeterPaulRubensVenusinFrontofaMirrorobesityneedtofindsource.jpg,Unassigned Images,PeterPaulRubensVenusinFrontofaMirrorobesityneedtofindsource.html
LucianoNezzoASurgeonHoldingaDentalKeyBehindhisBacktoConcealItFromThePatient1900.jpg,Unassigned Images,LucianoNezzoASurgeonHoldingaDentalKeyBehindhisBacktoConcealItFromThePatient1900.html
EgonSchieleGustavKlimtonhisdeathbed1918.jpg,Unassigned Images,EgonSchieleGustavKlimtonhisdeathbed1918.html
TheJudgmentofParis151214jpgcranachtheelder.jpg,Unassigned Images,TheJudgmentofParis151214jpgcranachtheelder.html
ApolloAndDianajpgcranachtheelder.jpg,Unassigned Images,ApolloAndDianajpgcranachtheelder.html
gonsalvus.jpg,Unassigned Images,gonsalvus.html
Adissectedpregnantfemale17645JacquesFabienGautierDAgoty17171785WellcomeLibraryLondon322x1024.jpg,Unassigned Images,Adissectedpregnantfemale17645JacquesFabienGautierDAgoty17171785WellcomeLibraryLondon322x1024.html
CranachtheElderPortraitofCharlesV1533hereditarydiseaseIthinkthisisintheworkscitedIdontknowIamgettingtired.jpg,Unassigned Images,CranachtheElderPortraitofCharlesV1533hereditarydiseaseIthinkthisisintheworkscitedIdontknowIamgettingtired.html
ArtandMedBookPage29ayurvedicmananatomicalfigure1700sinworkscited.jpg,Unassigned Images,ArtandMedBookPage29ayurvedicmananatomicalfigure1700sinworkscited.html
LamQuaAChineseLadyLoWanshunfromGhangzhouwithaTumouronherLeftCheek1836.jpg,Unassigned Images,LamQuaAChineseLadyLoWanshunfromGhangzhouwithaTumouronherLeftCheek1836.html
EdvardMunchTheSickChild1885.jpg,Unassigned Images,EdvardMunchTheSickChild1885.html
proteussyndrome.jpg,Unassigned Images,proteussyndrome.html
davinciexotropia.jpg,Unassigned Images,davinciexotropia.html
PeterPaulRubensBacchusPRADERWILLISYNDROMEinworkscited.jpg,Unassigned Images,PeterPaulRubensBacchusPRADERWILLISYNDROMEinworkscited.html
6fd59c06581b99f9b4ef59222b4fc7f8novembermornings.jpg,Conditions Tracey,6fd59c06581b99f9b4ef59222b4fc7f8novembermornings.html
9GiambattistaTiepoloMiracleofSaintPatrick1740.jpg,Conditions Tracey,9GiambattistaTiepoloMiracleofSaintPatrick1740.html
4GentiledafabrianoPresentationatthetemple1423.jpg,Conditions Tracey,4GentiledafabrianoPresentationatthetemple1423.html
079c6472d2ae687d80894dfc32cb7e98giovannibattistadellarte.jpg,Conditions Tracey,079c6472d2ae687d80894dfc32cb7e98giovannibattistadellarte.html
430fe83c9ffb2eab2bdc2a544b9eb2d2moonmooncommedia.jpg,Conditions Tracey,430fe83c9ffb2eab2bdc2a544b9eb2d2moonmooncommedia.html
7c32334ebed1cfdccc19e459c086e27a.jpg,Conditions Tracey,7c32334ebed1cfdccc19e459c086e27a.html
1WolfgangHeimbachTheInvalid.jpg,Conditions Tracey,1WolfgangHeimbachTheInvalid.html
11RafaelRomerodeTorresLastRites1890.JPG,Conditions Tracey,11RafaelRomerodeTorresLastRites1890.html
legdiseases.jpg,Conditions Tracey,legdiseases.html
090783765c58034fde676358acfdee93ingressauguste.jpg,Conditions Tracey,090783765c58034fde676358acfdee93ingressauguste.html
2e719b071a4b51f69883a4ab8822c2eftousledhairyoungwomen.jpg,Conditions Tracey,2e719b071a4b51f69883a4ab8822c2eftousledhairyoungwomen.html
27WilliamHogarthGinLane1751.jpg,Conditions Tracey,27WilliamHogarthGinLane1751.html
7BartolomeestebanmurilloSaintthomasofVillanovaDistrubutingalms.jpg,Conditions Tracey,7BartolomeestebanmurilloSaintthomasofVillanovaDistrubutingalms.html
17PieterBruegeltheElderTheBlindLEadingtheBlind1568.jpeg,Conditions Tracey,17PieterBruegeltheElderTheBlindLEadingtheBlind1568.html
5CaravaggioThesevenactsofMercy160607.jpg,Conditions Tracey,5CaravaggioThesevenactsofMercy160607.html
18JusepedeRiberaTheSenseofTouch161516.jpg,Conditions Tracey,18JusepedeRiberaTheSenseofTouch161516.html
4ed61f08c1436edd46f8d5b39aedcff6jeanantoinewatteauplayingguitar.jpg,Conditions Tracey,4ed61f08c1436edd46f8d5b39aedcff6jeanantoinewatteauplayingguitar.html
2PaulGauguinVisionoftheSermonJacobwrestlingwiththeangel.jpg,Conditions Tracey,2PaulGauguinVisionoftheSermonJacobwrestlingwiththeangel.html
8PietevanlaerThgeFlagellants1635.jpg,Conditions Tracey,8PietevanlaerThgeFlagellants1635.html
910ef22b4d60a95c2859e000fe96ecf5toledoohiomans.jpg,Conditions Tracey,910ef22b4d60a95c2859e000fe96ecf5toledoohiomans.html
3masterofalkmaarthesevenactsofmercy1504.jpg,Conditions Tracey,3masterofalkmaarthesevenactsofmercy1504.html
027637d04c4b28f04ff318264ddee117rabbitarttherabbit.jpg,Conditions Tracey,027637d04c4b28f04ff318264ddee117rabbitarttherabbit.html
26PaulMarieLouisPierreRicherFigureofaWomanwithParkinsonsDiseaseafter1895.jpg,Conditions Tracey,26PaulMarieLouisPierreRicherFigureofaWomanwithParkinsonsDiseaseafter1895.html
555.jpg,Conditions Tracey,555.html
22aaba0f56f4ae0e54cb8d7b72e5bb61littlebrothersbandofbrothers.jpg,Conditions Tracey,22aaba0f56f4ae0e54cb8d7b72e5bb61littlebrothersbandofbrothers.html
7681d321d2a690bbdf92e0f22b2a085f.jpg,Conditions Tracey,7681d321d2a690bbdf92e0f22b2a085f.html
0b624e195ce10b47dfe6326279f32b09antiqueillustrationmedicalillustrationjpgunknowncondition.jpg,Conditions Tracey,0b624e195ce10b47dfe6326279f32b09antiqueillustrationmedicalillustrationjpgunknowncondition.html
1a926c366d008a8f4367a91886de8191penguinspenguinparade.jpg,Conditions Tracey,1a926c366d008a8f4367a91886de8191penguinspenguinparade.html
13GiandomenicoTiepoloTheToothPuller1754Toothachepg91.jpg,Dental Medicine,13GiandomenicoTiepoloTheToothPuller1754Toothachepg91.html
TurkishToothacheshownasandorwithdemonsofhell.jpg,Dental Medicine,TurkishToothacheshownasandorwithdemonsofhell.html
ToothWormsSumarian5000BC.png,Dental Medicine,ToothWormsSumarian5000BC.html
12GerritvanHonthorstTheDentist1622Toothache.jpg,Dental Medicine,12GerritvanHonthorstTheDentist1622Toothache.html
LUCIAN1.JPG,Dental Medicine,LUCIAN1.html
51HenrideToulouseLautrecDrPeanOperating1891Surgerypg202.jpg,Dental Medicine,51HenrideToulouseLautrecDrPeanOperating1891Surgerypg202.html
3HeleneSchjerfbeckTheConvalescent1888.jpg,Pediatric Medicine,3HeleneSchjerfbeckTheConvalescent1888.html
MuhammadRevivestheSickBoyFoliofromaFalnamaBookofOmensofJafaralSadiq.jpg,Pediatric Medicine,MuhammadRevivestheSickBoyFoliofromaFalnamaBookofOmensofJafaralSadiq.html
CountryDoctor.jpg,Pediatric Medicine,CountryDoctor.html
LukeFildesTheDoctorOilonCanvas.jpg,Pediatric Medicine,LukeFildesTheDoctorOilonCanvas.html
NormanRockwellTheDoctorandTheDolls1949.jpg,Pediatric Medicine,NormanRockwellTheDoctorandTheDolls1949.html
NormanRockwellAttheOptometrist1956.jpg,Pediatric Medicine,NormanRockwellAttheOptometrist1956.html
GabrielMetsuTheVisittotheNursery1661MetropolitanMuseumofArtNewYork.jpg,Pediatric Medicine,GabrielMetsuTheVisittotheNursery1661MetropolitanMuseumofArtNewYork.html
MarbletombstoneofanAthenianphysiciannamedJasonshownexaminingtheenlargedabdomenofachild2ndCEGreekRomanImperialmarble8001X55-88cm.jpg,Pediatric Medicine,MarbletombstoneofanAthenianphysiciannamedJasonshownexaminingtheenlargedabdomenofachild2ndCEGreekRomanImperialmarble8001X55-88cm.html
NormanRockwellDocMellhornandthePearlyGates1938.jpeg,Pediatric Medicine,NormanRockwellDocMellhornandthePearlyGates1938.html
StevenDohanosSeparationAnxiety1955.jpg,Pediatric Medicine,StevenDohanosSeparationAnxiety1955.html
JBondFranciscoTheSickChild1893oiloncanvas32x48in813x1218cmSmithsonianAmericanArtMuseumMuseumPurchase19919.jpg,Pediatric Medicine,JBondFranciscoTheSickChild1893oiloncanvas32x48in813x1218cmSmithsonianAmericanArtMuseumMuseumPurchase19919.html
MorganWeistlingTheCountryDoctor2013.jpg,Pediatric Medicine,MorganWeistlingTheCountryDoctor2013.html
EdvardMunchTheSickChild1885Norwayoiloncanvas120X119cmtuberculosis.jpg,Pediatric Medicine,EdvardMunchTheSickChild1885Norwayoiloncanvas120X119cmtuberculosis.html
GabrielMetsuTheSickChildc1660RijksmuseumAmsterdam.jpg,Pediatric Medicine,GabrielMetsuTheSickChildc1660RijksmuseumAmsterdam.html
RichardSargentDoctorandDog1953.jpg,Pediatric Medicine,RichardSargentDoctorandDog1953.html
NormanRockwellVisitsaCountryDoctor1947oiloncanvas152-5X81.jpg,Pediatric Medicine,NormanRockwellVisitsaCountryDoctor1947oiloncanvas152-5X81.html
NormanRockwellBeforetheShot1958oiloncanvasNormanRockwellMuseum.jpg,Pediatric Medicine,NormanRockwellBeforetheShot1958oiloncanvasNormanRockwellMuseum.html
NormanRockwellTheDoctorandtheDoll1929oiloncanvasNormanRockwellMuseum.jpg,Pediatric Medicine,NormanRockwellTheDoctorandtheDoll1929oiloncanvasNormanRockwellMuseum.html
AgirlintheLondonAsylumsufferingfromchronicpellagraWellcome.jpg,Pediatric Medicine,AgirlintheLondonAsylumsufferingfromchronicpellagraWellcome.html
RichardSargentBabysFirstShot1962.jpg,Pediatric Medicine,RichardSargentBabysFirstShot1962.html
PaulSeignacTheSickChild187075.jpg,Pediatric Medicine,PaulSeignacTheSickChild187075.html
EdvardMunchTheSickChild1894NorwayEtching361X272cmtuberculosis.jpg,Pediatric Medicine,EdvardMunchTheSickChild1894NorwayEtching361X272cmtuberculosis.html
EustachiusIllustrationofkidneysBartolomeoEustachiusTabulaeAnatomicae1722.jpg,Nephrology,EustachiusIllustrationofkidneysBartolomeoEustachiusTabulaeAnatomicae1722.html
AskseliGallenKallelaWoundFeveralsoknownasHaavakuume1889oiloncanvas62X725cmcytokinereleasefromSaureussepsisinmanwithaninfectedhandinjury.jpg,Critical Care,AskseliGallenKallelaWoundFeveralsoknownasHaavakuume1889oiloncanvas62X725cmcytokinereleasefromSaureussepsisinmanwithaninfectedhandinjury.html
ManuelGomezMorenoyGonzalezSaintJohnofGodSavestheSickoftheRoyalHospitalinGranadafromtheFire1880.jpg,Critical Care,ManuelGomezMorenoyGonzalezSaintJohnofGodSavestheSickoftheRoyalHospitalinGranadafromtheFire1880.html
JeanBaptiseDeshaysDeathofHercules1762oiloncanvas661X509transdermalpoisoningCsontvaryKosztkaOldFisherman19001902oiloncanvas60X45cm.jpg,Critical Care,JeanBaptiseDeshaysDeathofHercules1762oiloncanvas661X509transdermalpoisoningCsontvaryKosztkaOldFisherman19001902oiloncanvas60X45cm.html
unknownworksofartofmedicalconditions.jpg,Oncology,unknownworksofartofmedicalconditions.html
ilfullxfull1348471425ekn3.webp,Oncology,ilfullxfull1348471425ekn3.html
1280pxTombofGiulianodeMedicinightmichelangelobreastcancer.jpg,Oncology,1280pxTombofGiulianodeMedicinightmichelangelobreastcancer.html
michelangelobreastcancer.jpg,Oncology,michelangelobreastcancer.html
Copyofdalton1868severeswellingofabdoman.jpg,Oncology,Copyofdalton1868severeswellingofabdoman.html
MosaicsatMonrealeCathedral1180s.jpg,Ophthalmology,MosaicsatMonrealeCathedral1180s.html
unknownworksofartofmedicalconditions3.jpg,Ophthalmology,unknownworksofartofmedicalconditions3.html
WilliamhealsablindwomanYorkMinster.jpg,Ophthalmology,WilliamhealsablindwomanYorkMinster.html
PierodiCosimo044.jpg,Cardiovascular Disease,PierodiCosimo044.html
MichelangeloMosesjugularvenousdistension.jpg,Cardiovascular Disease,MichelangeloMosesjugularvenousdistension.html
MosesMichelangelojugularvenousdistension.jpg,Cardiovascular Disease,MosesMichelangelojugularvenousdistension.html
CopyofStroke.jpg,Cardiovascular Disease,CopyofStroke.html
1200pxMonaLisabyLeonardodaVincifromC2RMFretouchedjpgLDL.jpg,Cardiovascular Disease,1200pxMonaLisabyLeonardodaVincifromC2RMFretouchedjpgLDL.html
Copyofstroke3.png,Cardiovascular Disease,Copyofstroke3.html
DavidGermanPainting1888jugularvenousdistensionOsmarSchindler.jpg,Cardiovascular Disease,DavidGermanPainting1888jugularvenousdistensionOsmarSchindler.html
MichelangeloDavidjugularvenousdistensionhighbloodpressure.jpg,Cardiovascular Disease,MichelangeloDavidjugularvenousdistensionhighbloodpressure.html
scurvy2.jpg,Nutrition,scurvy2.html
AnengravingbyGustaveDorefromColeridgesRimeoftheAncientMarinertheoriginalballadofscurvy.jpg,Nutrition,AnengravingbyGustaveDorefromColeridgesRimeoftheAncientMarinertheoriginalballadofscurvy.html
pllegra.jpg,Nutrition,pllegra.html
scurvy.jfif,Nutrition,scurvy.html
scurvy.jpg,Nutrition,scurvy.html
Skinindicatesmultitudeofdiseasesmelanomagravesothersneedtofindsource.jpg,Dermatology,Skinindicatesmultitudeofdiseasesmelanomagravesothersneedtofindsource.html
CopyofSeecaptionsinworkscited3.jpg,Dermatology,CopyofSeecaptionsinworkscited3.html
Copyofdaltondiseasedpenisandabdoman.jpg,Dermatology,Copyofdaltondiseasedpenisandabdoman.html
daltonrashofsores1856.jpg,Dermatology,daltonrashofsores1856.html
OmSep2018Fig1819.jpg,Dermatology,OmSep2018Fig1819.html
TheCrucifixion150003jpgcranachtheelder.jpg,Dermatology,TheCrucifixion150003jpgcranachtheelder.html
1415647130002s.jpg,Dermatology,1415647130002s.html
diseasedskin1858dalton.jpg,Dermatology,diseasedskin1858dalton.html
DAltonRashofSores1858.jpg,Dermatology,DAltonRashofSores1858.html
GeorgeKirtlandSmallpoxVariolationleftandCowpoxVaccinationrightonthe14thDay1802.jpg,Dermatology,GeorgeKirtlandSmallpoxVariolationleftandCowpoxVaccinationrightonthe14thDay1802.html
DavidTheDeathOfMarat1793variousskinconditionssuspectedinworkscited.jpg,Dermatology,DavidTheDeathOfMarat1793variousskinconditionssuspectedinworkscited.html
femalepatientwithskinconditiondalton1850sartandmed74.jpg,Dermatology,femalepatientwithskinconditiondalton1850sartandmed74.html
femalepatientwithskinconditiondalton1850s.jpg,Dermatology,femalepatientwithskinconditiondalton1850s.html
Seecaptionsinworkscited4.jpg,Dermatology,Seecaptionsinworkscited4.html
Facenoseinparticularindicatesdiseaseneedtofindsource.jpg,Dermatology,Facenoseinparticularindicatesdiseaseneedtofindsource.html
Copyofdalton.jpg,Dermatology,Copyofdalton.html
CopyofmunchinheritanceCongenitalsyphilis.jpg,Dermatology,CopyofmunchinheritanceCongenitalsyphilis.html
CopyofRembrandtvanRijnSelfPortraitlazyeyedisorderanddepressionotheragerelatedconditionsinworkscited.jpg,Dermatology,CopyofRembrandtvanRijnSelfPortraitlazyeyedisorderanddepressionotheragerelatedconditionsinworkscited.html
PetrusGonsalvus.jpg,Dermatology,PetrusGonsalvus.html
DeathofMaratDavin.jpg,Dermatology,DeathofMaratDavin.html
WilliamCuffandWilliamSkeltonAnArmwithanInflamedVaccinePustule1798.jpg,Dermatology,WilliamCuffandWilliamSkeltonAnArmwithanInflamedVaccinePustule1798.html
1415648471142.jpg,Dermatology,1415648471142.html
WilliamCuffandWilliamSkeltonTheHandofSarahNelmesInfectedwiththeCowpox1798.jpg,Dermatology,WilliamCuffandWilliamSkeltonTheHandofSarahNelmesInfectedwiththeCowpox1798.html
Copyofdaltondiseasedpenis.jpg,Dermatology,Copyofdaltondiseasedpenis.html
CopyofQuentinMatsysAGrotesqueOldWomanautoimmunedermatomyositisorJDMinworkscited.jpg,Dermatology,CopyofQuentinMatsysAGrotesqueOldWomanautoimmunedermatomyositisorJDMinworkscited.html
36DomenicodiBartoloCareoftheSkininthePellegrinaioPilgrimsHall1440Hospitalpg155.jpg,Dermatology,36DomenicodiBartoloCareoftheSkininthePellegrinaioPilgrimsHall1440Hospitalpg155.html
daltonartandmed74.jpg,Dermatology,daltonartandmed74.html
CopyofWatercolourillustrationfromaJapaneseworkonsmallpoxentitledToshinseiyoneedtofindsource.jpg,Dermatology,CopyofWatercolourillustrationfromaJapaneseworkonsmallpoxentitledToshinseiyoneedtofindsource.html
OmSep2018Fig1314768x764.jpg,Dermatology,OmSep2018Fig1314768x764.html
dalton11montholdwithdiseasedtissuearoundanusandgroin.jpg,Dermatology,dalton11montholdwithdiseasedtissuearoundanusandgroin.html
Copyofdalton1856sores.jpg,Dermatology,Copyofdalton1856sores.html
450pxMrsBennettcuredofskindiseaseWellcomeL0051293.jpg,Dermatology,450pxMrsBennettcuredofskindiseaseWellcomeL0051293.html
STDAnguishedMan11024x512.jpg,Psychiatry,STDAnguishedMan11024x512.html
JEANLOUISTHEODOREGERICAULTLaBalsadelaMedusaRaftofMedusaMusedelLouvre181819.jpg,Psychiatry,JEANLOUISTHEODOREGERICAULTLaBalsadelaMedusaRaftofMedusaMusedelLouvre181819.html
TheodoreGericaultPortaitofaChildSnatcher1822.jpg,Psychiatry,TheodoreGericaultPortaitofaChildSnatcher1822.html
FranciscoGoyayLucientesThesleepofreasonproducesmonstersc1799.jpeg,Psychiatry,FranciscoGoyayLucientesThesleepofreasonproducesmonstersc1799.html
40WilliamHograthARakesProgressTomRakewellendsupinBethlehemHospitalMadhouse1735Madhousepg167.jpg,Psychiatry,40WilliamHograthARakesProgressTomRakewellendsupinBethlehemHospitalMadhouse1735Madhousepg167.html
BandagedEarbyVincentvanGogh1889.jpeg,Psychiatry,BandagedEarbyVincentvanGogh1889.html
aclinicallessonwithdoctorcharcotatthesalpetriere1887pierreandrebrouillet.jpg,Psychiatry,aclinicallessonwithdoctorcharcotatthesalpetriere1887pierreandrebrouillet.html
PanelofaRomanmosaicdepictingthemadnessofHeraclesHerculesfurensfromtheVillaTorredePalmanearMonforte3rd4thcenturyCE.jpg,Psychiatry,PanelofaRomanmosaicdepictingthemadnessofHeraclesHerculesfurensfromtheVillaTorredePalmanearMonforte3rd4thcenturyCE.html
AlbrechtDurerMelancoliaEngravingonpaper.jpeg,Psychiatry,AlbrechtDurerMelancoliaEngravingonpaper.html
CopyofEFLambertandFCAnOldMaidsSkullPhrenologisedHunt1830.jpg,Psychiatry,CopyofEFLambertandFCAnOldMaidsSkullPhrenologisedHunt1830.html
SalvadorDalihysteriasnail.jpg,Psychiatry,SalvadorDalihysteriasnail.html
39VincentvanGoghCorridorintheAsylum1889DesolationandConfinementpg159.jpg,Psychiatry,39VincentvanGoghCorridorintheAsylum1889DesolationandConfinementpg159.html
TheodoreGericaultPortraitsoftheInsane1822.jpeg,Psychiatry,TheodoreGericaultPortraitsoftheInsane1822.html
StGulthricexpelsademon1210.jpg,Psychiatry,StGulthricexpelsademon1210.html
CopyofthyroidhysteriaAndreBrouilletUneleconcliniquealaSalpetriere1887.jpg,Psychiatry,CopyofthyroidhysteriaAndreBrouilletUneleconcliniquealaSalpetriere1887.html
cropped1888theladyofshalott.jpg,Psychiatry,cropped1888theladyofshalott.html
27GeorgeBellowsDanceinaMadhouse1917MentalHealthpg127.jpg,Psychiatry,27GeorgeBellowsDanceinaMadhouse1917MentalHealthpg127.html
CopyofJamesNorrisGeorgeArnald1815.jpg,Psychiatry,CopyofJamesNorrisGeorgeArnald1815.html
CopyofJeanEtienneDominiqueEsquirolInsanePatientinaStraitjacketAmbroiseTardieu17881841fromMentalMaladies1838.jpg,Psychiatry,CopyofJeanEtienneDominiqueEsquirolInsanePatientinaStraitjacketAmbroiseTardieu17881841fromMentalMaladies1838.html
28PlatefromEDEsquirolDesmaladiesmentalesconsidereessouslesrapportsmedicalmhygieniqueetmedicolegal1838Madnesspg129.jpg,Psychiatry,28PlatefromEDEsquirolDesmaladiesmentalesconsidereessouslesrapportsmedicalmhygieniqueetmedicolegal1838Madnesspg129.html
CopyofCopyofSalvadorDaliInvisibleLionHorseSleepingWomanHysterianeedtofindsource.jpg,Psychiatry,CopyofCopyofSalvadorDaliInvisibleLionHorseSleepingWomanHysterianeedtofindsource.html
23FrancescoHayezMelancholyThrought1842Melancholypg120.jpg,Psychiatry,23FrancescoHayezMelancholyThrought1842Melancholypg120.html
26HieronymusBoschTheShipofFools1494MentalHealthpg126.jpg,Psychiatry,26HieronymusBoschTheShipofFools1494MentalHealthpg126.html
MadmanafterSirCharlesBell1844.jpg,Psychiatry,MadmanafterSirCharlesBell1844.html
WilliamHogarthTheRakeinBedlam1733.jpg,Psychiatry,WilliamHogarthTheRakeinBedlam1733.html
TheodoreGericaultPortraitofaManSufferingfromDelusionsofMilitaryCommand1822.jpg,Psychiatry,TheodoreGericaultPortraitofaManSufferingfromDelusionsofMilitaryCommand1822.html
1024pxJohnHenryFuseliTheNightmarejpg1781.jpg,Psychiatry,1024pxJohnHenryFuseliTheNightmarejpg1781.html
PhaedraandHippolytusRoman290CEmarble.jpg,Psychiatry,PhaedraandHippolytusRoman290CEmarble.html
GustaveCourbetSelfPortraitTheDesperateManc184345.jpg,Psychiatry,GustaveCourbetSelfPortraitTheDesperateManc184345.html
PaintingbyNilSaridepictingthetreatmentofinsanepatientsbymusicaltherapy.jpg,Psychiatry,PaintingbyNilSaridepictingthetreatmentofinsanepatientsbymusicaltherapy.html
10JanSteenLovesicknessca1660.jpg,Psychiatry,10JanSteenLovesicknessca1660.html
29LucasCranachtheElderMelancholy1532Melancholypg133.jpg,Psychiatry,29LucasCranachtheElderMelancholy1532Melancholypg133.html
35FranciscodeGoyaTheMadhouseca181214Madhousepg152.jpg,Psychiatry,35FranciscodeGoyaTheMadhouseca181214Madhousepg152.html
